file,HP,AUC-PR,AUC-ROC,VUS-PR,VUS-ROC,Standard-F1,PA-F1,Event-based-F1,R-based-F1,Affiliation-F
004_MSL_id_3_Sensor_tr_530_1st_630.csv,"{'win_size': 10, 'lr': 0.001}",0.21894921153061261,0.7415646285286822,0.26420635457081115,0.802443712067873,0.26828881400582244,1.0,0.9999999999999996,0.4120734908136483,0.989163841885601
004_MSL_id_3_Sensor_tr_530_1st_630.csv,"{'win_size': 10, 'lr': 0.0001}",0.20831740767454943,0.6834700006084706,0.2510683321417757,0.7772209591407593,0.27878396773163583,1.0,0.9999999999999996,0.40369393139841697,0.9889813651141315
004_MSL_id_3_Sensor_tr_530_1st_630.csv,"{'win_size': 10, 'lr': 1e-05}",0.2122482533933378,0.6899305269713554,0.2537177870605087,0.7826027601354165,0.26828881400582244,1.0,0.9999999999999996,0.40369393139841697,0.9889813651141315
004_MSL_id_3_Sensor_tr_530_1st_630.csv,"{'win_size': 50, 'lr': 0.001}",0.5074777771158484,0.9017749446112767,0.6025922733575224,0.9384141621795086,0.6944395169245388,0.9603174603174603,0.9230769230769225,0.5507888604500134,0.9855597053002577
004_MSL_id_3_Sensor_tr_530_1st_630.csv,"{'win_size': 50, 'lr': 0.0001}",0.5046028404331864,0.9031493723804445,0.5957370321946462,0.9379179586568104,0.6912393060302434,0.983739837398374,0.9107142857142851,0.5507888604500134,0.9853729334894618
004_MSL_id_3_Sensor_tr_530_1st_630.csv,"{'win_size': 50, 'lr': 1e-05}",0.4946957308490285,0.8992694773237313,0.5950809695195195,0.9361024240808188,0.6912393060302434,0.9641434262948207,0.9038461538461534,0.5507888604500134,0.9852456611861409
004_MSL_id_3_Sensor_tr_530_1st_630.csv,"{'win_size': 100, 'lr': 0.001}",0.7099748304508344,0.9534591555143546,0.7579718363604728,0.9784410218704067,0.733559146115322,1.0,0.9999999999999996,0.6585365853658537,0.9915127651510599
004_MSL_id_3_Sensor_tr_530_1st_630.csv,"{'win_size': 100, 'lr': 0.0001}",0.7103623194201236,0.9543861784107464,0.7566428010581627,0.9784437371018927,0.7291617942551664,1.0,0.9999999999999996,0.6585365853658537,0.9915127651510599
004_MSL_id_3_Sensor_tr_530_1st_630.csv,"{'win_size': 100, 'lr': 1e-05}",0.7078955980915039,0.949879916532147,0.7533721701731448,0.9768396332541232,0.7291617942551664,1.0,0.9999999999999996,0.6585365853658537,0.9915127651510599
004_MSL_id_3_Sensor_tr_530_1st_630.csv,"{'win_size': 150, 'lr': 0.001}",0.0,0.0,0.0,0.0,0.0,0.0,0.0,0.0,0.0
004_MSL_id_3_Sensor_tr_530_1st_630.csv,"{'win_size': 150, 'lr': 0.0001}",0.0,0.0,0.0,0.0,0.0,0.0,0.0,0.0,0.0
004_MSL_id_3_Sensor_tr_530_1st_630.csv,"{'win_size': 150, 'lr': 1e-05}",0.0,0.0,0.0,0.0,0.0,0.0,0.0,0.0,0.0
011_MSL_id_10_Sensor_tr_1525_1st_4590.csv,"{'win_size': 10, 'lr': 0.001}",0.13348088518107903,0.7854231596070793,0.1674290757043341,0.8918724951413705,0.30897306170966055,0.8618421052631579,0.43589743589743546,0.2677484787018256,0.8664464016926943
011_MSL_id_10_Sensor_tr_1525_1st_4590.csv,"{'win_size': 10, 'lr': 0.0001}",0.12915880810176036,0.7820251963388449,0.16483523784886378,0.8902319956590956,0.30897306170966055,0.8562091503267973,0.43589743589743546,0.2677484787018256,0.8664464016926943
011_MSL_id_10_Sensor_tr_1525_1st_4590.csv,"{'win_size': 10, 'lr': 1e-05}",0.12947273331368717,0.7529065566495596,0.15977472300652004,0.8506074321932082,0.30543535158629653,0.891156462585034,0.43589743589743546,0.2711352657004831,0.8660589205384821
011_MSL_id_10_Sensor_tr_1525_1st_4590.csv,"{'win_size': 50, 'lr': 0.001}",0.57267343324896,0.9783116074271778,0.5732623127856313,0.9841268884127876,0.6601258223696117,1.0,0.9999999999999996,0.5604395604395604,0.9961357949006557
011_MSL_id_10_Sensor_tr_1525_1st_4590.csv,"{'win_size': 50, 'lr': 0.0001}",0.5699181679003588,0.9781197766066151,0.5668220073614934,0.9839318720737066,0.6520327772295521,1.0,0.9999999999999996,0.5604395604395604,0.9961357949006557
011_MSL_id_10_Sensor_tr_1525_1st_4590.csv,"{'win_size': 50, 'lr': 1e-05}",0.567986913494577,0.9780839681867768,0.5627750274607716,0.9837880741347818,0.6520327772295521,1.0,0.9999999999999996,0.5604395604395604,0.9961357949006557
011_MSL_id_10_Sensor_tr_1525_1st_4590.csv,"{'win_size': 100, 'lr': 0.001}",0.896672430114027,0.9964229946325737,0.8995566933762944,0.9966626519388136,0.8608646620317075,1.0,0.9999999999999996,0.8917089678510999,0.9993977102974003
011_MSL_id_10_Sensor_tr_1525_1st_4590.csv,"{'win_size': 100, 'lr': 0.0001}",0.897592531019799,0.9964754283901941,0.9006694664895553,0.9967212799295264,0.8608646620317075,1.0,0.9999999999999996,0.8917089678510999,0.9993977102974003
011_MSL_id_10_Sensor_tr_1525_1st_4590.csv,"{'win_size': 100, 'lr': 1e-05}",0.9015809386858524,0.9966378451516038,0.9012714261007,0.9969188579627227,0.8608646620317075,1.0,0.9999999999999996,0.8917089678510999,0.9993977102974003
011_MSL_id_10_Sensor_tr_1525_1st_4590.csv,"{'win_size': 150, 'lr': 0.001}",0.936484462957473,0.9966058733481769,0.9853810523371368,0.9994934355534184,0.8928521635481771,1.0,0.9999999999999996,0.8968469646491638,0.9996648232466824
011_MSL_id_10_Sensor_tr_1525_1st_4590.csv,"{'win_size': 150, 'lr': 0.0001}",0.9363681054362273,0.9965956423710801,0.9854292464685348,0.9994948299289862,0.8928521635481771,1.0,0.9999999999999996,0.8968469646491638,0.9996648232466824
011_MSL_id_10_Sensor_tr_1525_1st_4590.csv,"{'win_size': 150, 'lr': 1e-05}",0.9361393599833066,0.9966173831974107,0.9849359665061138,0.9994839521128055,0.8928521635481771,1.0,0.9999999999999996,0.8968469646491638,0.9996720236142993
023_MITDB_id_5_Medical_tr_25000_1st_36913.csv,"{'win_size': 10, 'lr': 0.001}",0.1881194251678453,0.76755342449919,0.0941704607764211,0.8372072684933863,0.26701798899924867,1.0,0.9999999999999996,0.3820459290187892,0.9983834878800679
023_MITDB_id_5_Medical_tr_25000_1st_36913.csv,"{'win_size': 10, 'lr': 0.0001}",0.15607885662112378,0.7750793447595836,0.06931964718196124,0.8344537716827312,0.22984649929878936,1.0,0.9999999999999996,0.3729881035689293,0.9983826949996626
023_MITDB_id_5_Medical_tr_25000_1st_36913.csv,"{'win_size': 10, 'lr': 1e-05}",0.12622872683127728,0.7735493701626543,0.05902274231173063,0.8379634292593234,0.2172485753818371,1.0,0.9999999999999996,0.35106382978723405,0.9983478825367725
023_MITDB_id_5_Medical_tr_25000_1st_36913.csv,"{'win_size': 50, 'lr': 0.001}",0.4302982551224396,0.8347880871860603,0.27734701066875816,0.8882451022617159,0.5071732011919347,1.0,0.9999999999999996,0.5028976175144881,0.9996695951697804
023_MITDB_id_5_Medical_tr_25000_1st_36913.csv,"{'win_size': 50, 'lr': 0.0001}",0.3717539449258501,0.8092718236574263,0.20478259885027653,0.8648393547676101,0.4602693479541421,1.0,0.9999999999999996,0.5331230283911672,0.9995800279986349
023_MITDB_id_5_Medical_tr_25000_1st_36913.csv,"{'win_size': 50, 'lr': 1e-05}",0.22648522328764079,0.7968629827623179,0.11386781679783597,0.85138784760115,0.3057098255752751,1.0,0.9999999999999996,0.4990316333118141,0.9985448749349453
023_MITDB_id_5_Medical_tr_25000_1st_36913.csv,"{'win_size': 100, 'lr': 0.001}",0.5717833306347736,0.8901110162254484,0.5105935624748925,0.9485678731393259,0.6116326818039213,1.0,0.9999999999999996,0.6340717848804985,0.9995890322812556
023_MITDB_id_5_Medical_tr_25000_1st_36913.csv,"{'win_size': 100, 'lr': 0.0001}",0.5585897096280292,0.8735437310374964,0.4509542686112598,0.9336938472885871,0.5941052972629928,1.0,0.9999999999999996,0.6152471709350804,0.9996978829362959
023_MITDB_id_5_Medical_tr_25000_1st_36913.csv,"{'win_size': 100, 'lr': 1e-05}",0.3089341099828614,0.7958671154200365,0.22850742741303715,0.8655452417948438,0.4169458130115224,1.0,0.9999999999999996,0.5814521049420378,0.9987333546283723
023_MITDB_id_5_Medical_tr_25000_1st_36913.csv,"{'win_size': 150, 'lr': 0.001}",0.6374182655002557,0.928192892649746,0.5887401751518113,0.9806599486321796,0.6499950245380852,1.0,0.9999999999999996,0.6552845528455284,0.9990045099851798
023_MITDB_id_5_Medical_tr_25000_1st_36913.csv,"{'win_size': 150, 'lr': 0.0001}",0.6297536862227922,0.9197654901744726,0.5664828234336533,0.9753145004231634,0.6592467872960792,1.0,0.9999999999999996,0.6269988153327424,0.9993271629551316
023_MITDB_id_5_Medical_tr_25000_1st_36913.csv,"{'win_size': 150, 'lr': 1e-05}",0.3538499454659073,0.8514298261107699,0.2529587407539284,0.9219053703131934,0.45962331534889067,1.0,0.9999999999999996,0.588703802632218,0.9987144591385101
028_MITDB_id_10_Medical_tr_37500_1st_39948.csv,"{'win_size': 10, 'lr': 0.001}",0.07572468923611521,0.675096248683289,0.01975470784157679,0.7483442886814057,0.12111607483520989,0.6666666666666666,0.6666666666666662,0.23330255463219454,0.6666718609289302
028_MITDB_id_10_Medical_tr_37500_1st_39948.csv,"{'win_size': 10, 'lr': 0.0001}",0.08386424537057015,0.6892054897554316,0.020398166143743866,0.7600616189707631,0.13124815022138284,0.6666666666666666,0.6666666666666662,0.23112480739599386,0.6666722500124493
028_MITDB_id_10_Medical_tr_37500_1st_39948.csv,"{'win_size': 10, 'lr': 1e-05}",0.08582798253230199,0.6619539656770663,0.017822179514137892,0.7333361333336009,0.13728361946765086,0.6666666666666666,0.6666666666666662,0.22894168466522677,0.8570030154129568
028_MITDB_id_10_Medical_tr_37500_1st_39948.csv,"{'win_size': 50, 'lr': 0.001}",0.22817324138362974,0.7639899868164499,0.07236558261608242,0.8214072785025776,0.3159268291055767,0.6961795027289266,0.6666666666666662,0.3062850398347595,0.687216534728329
028_MITDB_id_10_Medical_tr_37500_1st_39948.csv,"{'win_size': 50, 'lr': 0.0001}",0.20661461847675958,0.7652941411434072,0.04671649723325732,0.8226763746784251,0.28908959141099483,0.6666666666666666,0.6666666666666662,0.30828175655761864,0.6666710792394261
028_MITDB_id_10_Medical_tr_37500_1st_39948.csv,"{'win_size': 50, 'lr': 1e-05}",0.21234688174252336,0.7395738365781699,0.03317255335616102,0.791974571424723,0.3251060724326351,0.6666666666666666,0.6666666666666662,0.30828175655761864,0.7054402522796732
028_MITDB_id_10_Medical_tr_37500_1st_39948.csv,"{'win_size': 100, 'lr': 0.001}",0.34222405725339994,0.8364499731865926,0.08547043740141706,0.8741905797675316,0.473400641862122,0.6666666666666666,0.6666666666666662,0.516412509692427,0.7046752666165522
028_MITDB_id_10_Medical_tr_37500_1st_39948.csv,"{'win_size': 100, 'lr': 0.0001}",0.33317920123636136,0.8473205958261372,0.07644819634914764,0.8848618231705706,0.4736805137407624,0.6666666666666666,0.6666666666666662,0.5148771021992239,0.7007502784948696
028_MITDB_id_10_Medical_tr_37500_1st_39948.csv,"{'win_size': 100, 'lr': 1e-05}",0.3190032611197824,0.7755185744230734,0.06537218638956893,0.8251498434172936,0.4713679019284194,0.6666666666666666,0.6666666666666662,0.5148771021992239,0.6711095020278566
028_MITDB_id_10_Medical_tr_37500_1st_39948.csv,"{'win_size': 150, 'lr': 0.001}",0.3965462565386377,0.8872856192414074,0.15029996077078003,0.9205062444370194,0.5098907929983986,0.6666666666666666,0.6666666666666662,0.48828022122728476,0.6666732108199309
028_MITDB_id_10_Medical_tr_37500_1st_39948.csv,"{'win_size': 150, 'lr': 0.0001}",0.40783001014947606,0.870593229674101,0.13071317333360372,0.9099455406064775,0.552328915046693,0.6666666666666666,0.6666666666666662,0.5758819973509518,0.6805696973539365
028_MITDB_id_10_Medical_tr_37500_1st_39948.csv,"{'win_size': 150, 'lr': 1e-05}",0.39510830077422815,0.8029729595682544,0.10312222019247648,0.848873472878303,0.5541521651971937,0.6666666666666666,0.6666666666666662,0.5781520931384692,0.6666732109437622
040_GHL_id_9_Sensor_tr_50000_1st_92001.csv,"{'win_size': 10, 'lr': 0.001}",0.012320844090785868,0.4735391269796727,0.013699722544670771,0.4979180204874536,0.037589874692748146,0.5027833444667112,0.036999625888514735,0.01010075701038978,0.7876348278124158
040_GHL_id_9_Sensor_tr_50000_1st_92001.csv,"{'win_size': 10, 'lr': 0.0001}",0.01321562232279512,0.4279617334592217,0.014944320602845198,0.4556401808046957,0.05074592645950375,0.5522132550745904,0.050179381786214866,0.010033648662565496,0.7388119005342261
040_GHL_id_9_Sensor_tr_50000_1st_92001.csv,"{'win_size': 10, 'lr': 1e-05}",0.012619603389089457,0.45688900802747706,0.014029698593573578,0.48213241287028114,0.04567071773502344,0.49409190371991246,0.046082202875075876,0.010040654766787178,0.7739371122481122
040_GHL_id_9_Sensor_tr_50000_1st_92001.csv,"{'win_size': 50, 'lr': 0.001}",0.009969059681405788,0.3989840830856568,0.011214548712205145,0.4276278879843327,0.0274357746258799,0.35045786124476175,0.027737088314511146,0.027106690527909223,0.7273837452736498
040_GHL_id_9_Sensor_tr_50000_1st_92001.csv,"{'win_size': 50, 'lr': 0.0001}",0.010466981115956219,0.39517609301844914,0.011987977381727521,0.42362177250692296,0.029718693385144195,0.3616850872977735,0.029201168046721838,0.03417869369179399,0.7591251509331018
040_GHL_id_9_Sensor_tr_50000_1st_92001.csv,"{'win_size': 50, 'lr': 1e-05}",0.012842297034355923,0.48931534946304045,0.014704707183166988,0.5166920155835091,0.03436368606912464,0.3600701642481263,0.033617784152025786,0.04904048416733304,0.7503435886575232
040_GHL_id_9_Sensor_tr_50000_1st_92001.csv,"{'win_size': 100, 'lr': 0.001}",0.010189237480015875,0.4094481549044322,0.011808799999378502,0.4304030907611815,0.025472357729002675,0.26951539746956316,0.02578788314865443,0.06016206697516261,0.7436367388997991
040_GHL_id_9_Sensor_tr_50000_1st_92001.csv,"{'win_size': 100, 'lr': 0.0001}",0.011708952709360959,0.430024424734379,0.013509836073603305,0.4509961731702921,0.03401503206163044,0.27831874768889436,0.032653061224489764,0.0675665396025796,0.7598292520838137
040_GHL_id_9_Sensor_tr_50000_1st_92001.csv,"{'win_size': 100, 'lr': 1e-05}",0.010452014484013318,0.44189010356476943,0.011834815846242646,0.4662457652533815,0.024127445867424165,0.21589062051821398,0.02510343545162937,0.04324891060271978,0.7388864771709514
040_GHL_id_9_Sensor_tr_50000_1st_92001.csv,"{'win_size': 150, 'lr': 0.001}",0.010595625152820731,0.40274459322762024,0.012169158540876496,0.4199683937023838,0.028629757383089594,0.18783795025372266,0.02949275548807159,0.11027689930714821,0.7713384879878515
040_GHL_id_9_Sensor_tr_50000_1st_92001.csv,"{'win_size': 150, 'lr': 0.0001}",0.010115316422654284,0.4087267458127789,0.011496175860379123,0.42881897328275187,0.0250974999414094,0.18855949895615867,0.026139639419553398,0.09675699904296946,0.7465270905918958
040_GHL_id_9_Sensor_tr_50000_1st_92001.csv,"{'win_size': 150, 'lr': 1e-05}",0.013461668581981785,0.47310509794500255,0.015537526382537732,0.4868621915764427,0.0396244180174861,0.21249764728025597,0.04055578483973028,0.06752274403330831,0.7555622276356083
049_GHL_id_18_Sensor_tr_50000_1st_109001.csv,"{'win_size': 10, 'lr': 0.001}",0.015384693742290947,0.1411822692801244,0.016213145595059934,0.1629937932882152,0.05673420940054591,0.43243453865336656,0.053991992177047754,0.008465487184983998,0.8266120744199674
049_GHL_id_18_Sensor_tr_50000_1st_109001.csv,"{'win_size': 10, 'lr': 0.0001}",0.018667879393541253,0.3313807943693432,0.01967387110471423,0.3508213329407588,0.05495475062897213,0.48022501081782776,0.053991992177047754,0.02790198220247712,0.8266121196670252
049_GHL_id_18_Sensor_tr_50000_1st_109001.csv,"{'win_size': 10, 'lr': 1e-05}",0.020718051458268837,0.3836604184174237,0.02200175224859415,0.40359538363022057,0.054190778142446265,0.5274213477806292,0.053991992177047754,0.015645825085910135,0.8266114233118675
049_GHL_id_18_Sensor_tr_50000_1st_109001.csv,"{'win_size': 50, 'lr': 0.001}",0.015497830627507207,0.1672145081085628,0.016312054676584215,0.19366263274347578,0.0542917834262701,0.2468471273827265,0.053991992177047754,0.033365203004611675,0.826611040624629
049_GHL_id_18_Sensor_tr_50000_1st_109001.csv,"{'win_size': 50, 'lr': 0.0001}",0.021817963137554585,0.4003196698584901,0.023738642191195286,0.4221608759020928,0.05400828293062481,0.29169510807736065,0.053991992177047754,0.03826674169949353,0.8266114228480325
049_GHL_id_18_Sensor_tr_50000_1st_109001.csv,"{'win_size': 50, 'lr': 1e-05}",0.024248373856343243,0.4466421449554524,0.026517389590759277,0.46888594434930797,0.05503732872006774,0.32617545288011396,0.053991992177047754,0.039223716242349785,0.8266109049527706
049_GHL_id_18_Sensor_tr_50000_1st_109001.csv,"{'win_size': 100, 'lr': 0.001}",0.015596623672720711,0.17899666640886341,0.01648403059725638,0.20447101182420702,0.05479006512557256,0.2655595702423967,0.053991992177047754,0.04040399950721878,0.8266121077928619
049_GHL_id_18_Sensor_tr_50000_1st_109001.csv,"{'win_size': 100, 'lr': 0.0001}",0.015848826772996524,0.20090590647195106,0.016756354919659048,0.22454848673215994,0.05441797036713495,0.25668424461097233,0.053991992177047754,0.04852342691243041,0.8266108960703213
049_GHL_id_18_Sensor_tr_50000_1st_109001.csv,"{'win_size': 100, 'lr': 1e-05}",0.021457076972717638,0.3913507638270559,0.023482993253835568,0.40844137574742145,0.05452545027266315,0.24468450585944956,0.053991992177047754,0.09381717937106868,0.8266113043845468
049_GHL_id_18_Sensor_tr_50000_1st_109001.csv,"{'win_size': 150, 'lr': 0.001}",0.015475238612743695,0.1512173369574761,0.01629485653291316,0.17143965690815793,0.05554305956830013,0.14400456745429302,0.053991992177047754,0.07072891570712077,0.8266120495584355
049_GHL_id_18_Sensor_tr_50000_1st_109001.csv,"{'win_size': 150, 'lr': 0.0001}",0.019900233563154315,0.3460361490088636,0.021792499315942734,0.3653648222209958,0.05408276733234831,0.22592697025236147,0.053991992177047754,0.09034630270714061,0.8266109042106338
049_GHL_id_18_Sensor_tr_50000_1st_109001.csv,"{'win_size': 150, 'lr': 1e-05}",0.02099819644566192,0.37405644332663557,0.023010593333496074,0.39207599771542045,0.05529096587837067,0.2473948282516403,0.053991992177047754,0.07495564403020522,0.8266120539880555
062_SMD_id_6_Facility_tr_7180_1st_15131.csv,"{'win_size': 10, 'lr': 0.001}",0.5694276243752511,0.9437897136491715,0.6477692028668894,0.9693696536410173,0.6384379289806217,0.949142691078175,0.8267022696929235,0.5476691240820356,0.8845059201597504
062_SMD_id_6_Facility_tr_7180_1st_15131.csv,"{'win_size': 10, 'lr': 0.0001}",0.5833680416111244,0.9474844901180793,0.6585741610772708,0.9730835300140931,0.6444505758425222,0.949142691078175,0.8341683366733462,0.5609771267072128,0.8822648526120495
062_SMD_id_6_Facility_tr_7180_1st_15131.csv,"{'win_size': 10, 'lr': 1e-05}",0.6231282596777266,0.9379892085050241,0.695202423760496,0.9735179893553463,0.6603536451486974,0.9831932773109243,0.901960784313725,0.5997469300286276,0.9405620493822993
062_SMD_id_6_Facility_tr_7180_1st_15131.csv,"{'win_size': 50, 'lr': 0.001}",0.6339187479163046,0.9631458603461422,0.7438371847229537,0.9816007866835672,0.666483097172867,0.8919879682800109,0.7727252443214775,0.5886054358768992,0.8865037862506383
062_SMD_id_6_Facility_tr_7180_1st_15131.csv,"{'win_size': 50, 'lr': 0.0001}",0.6489304005609385,0.9615429304382469,0.7636783998605059,0.9837423206448827,0.6773465804627558,0.9006928406466512,0.8175872093023251,0.6206343468593848,0.9497881927813324
062_SMD_id_6_Facility_tr_7180_1st_15131.csv,"{'win_size': 50, 'lr': 1e-05}",0.7051267897752758,0.9634641770140714,0.810969038538717,0.9880810215223493,0.6999683028729239,0.9187631027253669,0.820531488896978,0.6035204466540561,0.9408238424875873
062_SMD_id_6_Facility_tr_7180_1st_15131.csv,"{'win_size': 100, 'lr': 0.001}",0.6973972631474373,0.965163436539563,0.7560983562009678,0.9796069939389701,0.6936045616948876,0.8739586132760011,0.7043116311945333,0.589181649243825,0.8821518828579701
062_SMD_id_6_Facility_tr_7180_1st_15131.csv,"{'win_size': 100, 'lr': 0.0001}",0.7051624557273888,0.9678298800781835,0.7791175056753841,0.9835464334320944,0.7055851440024915,0.867431315017338,0.7731417518651555,0.5786425862904112,0.9401692372347641
062_SMD_id_6_Facility_tr_7180_1st_15131.csv,"{'win_size': 100, 'lr': 1e-05}",0.7617543924309574,0.9794340597989502,0.8187649947854522,0.9879290171585364,0.7277807665124147,0.8743718592964824,0.7638645257050325,0.6234841608009251,0.9203850435836342
062_SMD_id_6_Facility_tr_7180_1st_15131.csv,"{'win_size': 150, 'lr': 0.001}",0.7281756714504897,0.967367966989727,0.7455950739665613,0.975319889682559,0.6990033263429282,0.883450596512695,0.6829088677508433,0.5668157677699663,0.8754702101900089
062_SMD_id_6_Facility_tr_7180_1st_15131.csv,"{'win_size': 150, 'lr': 0.0001}",0.7425458161694125,0.9712848889805912,0.7683978169943902,0.9797974708790491,0.6985775274832423,0.8831804281345565,0.6951111111111107,0.6117782276317354,0.9287349127702701
062_SMD_id_6_Facility_tr_7180_1st_15131.csv,"{'win_size': 150, 'lr': 1e-05}",0.8017993417782155,0.9850917397511382,0.8127709288977562,0.9839938381064826,0.7429788442142161,0.9131195335276968,0.7191858273652463,0.6450857931134084,0.8953656515132838
072_SMD_id_16_Facility_tr_7119_1st_15849.csv,"{'win_size': 10, 'lr': 0.001}",0.6424537209551718,0.9027576632708456,0.7240493006030867,0.9446916944963261,0.6538862932336379,0.9940959409594096,0.8983050847457622,0.6219379817121949,0.9555987717007524
072_SMD_id_16_Facility_tr_7119_1st_15849.csv,"{'win_size': 10, 'lr': 0.0001}",0.6676573456493127,0.9176612784692791,0.7459551301048809,0.9527023680070988,0.6772874227295107,0.9942793873408378,0.9117647058823525,0.6291515461883841,0.9573577835569268
072_SMD_id_16_Facility_tr_7119_1st_15849.csv,"{'win_size': 10, 'lr': 1e-05}",0.6154557881410853,0.9156661525932779,0.6836098054044696,0.9503135168092202,0.6597413144336581,0.9940959409594096,0.9361207897793258,0.6268441010873317,0.9730372607449911
072_SMD_id_16_Facility_tr_7119_1st_15849.csv,"{'win_size': 50, 'lr': 0.001}",0.6696953142045768,0.928608500795871,0.8310800834094645,0.9686286585555337,0.6891110873382837,0.9619710765934655,0.8669165885660726,0.6402203284536739,0.9591811759624123
072_SMD_id_16_Facility_tr_7119_1st_15849.csv,"{'win_size': 50, 'lr': 0.0001}",0.6880863102955459,0.9384892619699852,0.8457654813566995,0.9733448297606415,0.710324532390527,0.9638381668456857,0.8718411552346564,0.657987487637335,0.9653390283842699
072_SMD_id_16_Facility_tr_7119_1st_15849.csv,"{'win_size': 50, 'lr': 1e-05}",0.6698949192661238,0.8992193095235731,0.8070815241750181,0.9635066020270803,0.6953923706642533,0.9725234996384671,0.815198618307426,0.6274985628782618,0.9665188804602567
072_SMD_id_16_Facility_tr_7119_1st_15849.csv,"{'win_size': 100, 'lr': 0.001}",0.682830891660704,0.9414296365108137,0.874497523171688,0.9814863531109148,0.6801103113307494,0.9865981274095833,0.845670391061452,0.6469254759588435,0.9613735634051851
072_SMD_id_16_Facility_tr_7119_1st_15849.csv,"{'win_size': 100, 'lr': 0.0001}",0.7072697993670163,0.9497393643599873,0.8929776646782482,0.9847899279994848,0.7360070172342413,0.9828090709583028,0.8429099876695433,0.6932029299073958,0.96656305287945
072_SMD_id_16_Facility_tr_7119_1st_15849.csv,"{'win_size': 100, 'lr': 1e-05}",0.7037619636942366,0.9207911230999186,0.8516097253052992,0.9791149569261884,0.7018089043114911,0.9785142024763293,0.7519858781994699,0.5569789133279365,0.9534137610077447
072_SMD_id_16_Facility_tr_7119_1st_15849.csv,"{'win_size': 150, 'lr': 0.001}",0.7161545416355812,0.9549070255592798,0.8948151531698084,0.9871162319353334,0.6816014364545279,0.9753176043557169,0.8154631655725743,0.7102121321322977,0.9601782163774847
072_SMD_id_16_Facility_tr_7119_1st_15849.csv,"{'win_size': 150, 'lr': 0.0001}",0.73302020849879,0.9580238851942113,0.9060711327812758,0.9889668326764489,0.7051417978283978,0.9754946451261572,0.7912035942303138,0.5493452231457215,0.9593861691483727
072_SMD_id_16_Facility_tr_7119_1st_15849.csv,"{'win_size': 150, 'lr': 1e-05}",0.747790194763903,0.9526041394496406,0.8616707722034367,0.9839110037278305,0.7383031426543353,0.9388539482879106,0.7200959670969947,0.4824758879737445,0.9377697140083919
082_LTDB_id_4_Medical_tr_4456_1st_4556.csv,"{'win_size': 10, 'lr': 0.001}",0.38633962861245935,0.6271769837153238,0.4317561339058397,0.709880233864595,0.3582827336273604,0.97568543025391,0.9662196819813872,0.37600314308435095,0.9125979350215611
082_LTDB_id_4_Medical_tr_4456_1st_4556.csv,"{'win_size': 10, 'lr': 0.0001}",0.34799064193863194,0.5958717975150154,0.3945911237591138,0.6807871062221463,0.3195945418857891,0.9750680250585332,0.9597710683477102,0.3767753227519187,0.9039275104080511
082_LTDB_id_4_Medical_tr_4456_1st_4556.csv,"{'win_size': 10, 'lr': 1e-05}",0.2148910120826838,0.6166473562101696,0.2676877108726706,0.7024561247983546,0.33094562546410056,0.8123774571414207,0.4157030853404024,0.25032214887517823,0.7671307520969443
082_LTDB_id_4_Medical_tr_4456_1st_4556.csv,"{'win_size': 50, 'lr': 0.001}",0.6282000159045178,0.7393053647878283,0.665201369457658,0.8123193814202081,0.6125707201306637,0.9722993437657749,0.9644830307813728,0.5975352971605479,0.9512125050748312
082_LTDB_id_4_Medical_tr_4456_1st_4556.csv,"{'win_size': 50, 'lr': 0.0001}",0.6200249554078582,0.7182411167406787,0.6540180935372468,0.7931122786804444,0.6095198502407052,0.9712574850299401,0.9640484448830136,0.6013727659821609,0.9432711577283487
082_LTDB_id_4_Medical_tr_4456_1st_4556.csv,"{'win_size': 50, 'lr': 1e-05}",0.18954986267164498,0.5274196967530208,0.2259643392837007,0.6193764547317666,0.3181844644024073,0.5530640804504182,0.39157806084850993,0.23959423943827854,0.7542255397389142
082_LTDB_id_4_Medical_tr_4456_1st_4556.csv,"{'win_size': 100, 'lr': 0.001}",0.8675160474184839,0.9108609659318634,0.8905398708640406,0.9541237238621758,0.8183555102981058,0.977506857665346,0.9722365715757445,0.6949376381001614,0.9804236789914998
082_LTDB_id_4_Medical_tr_4456_1st_4556.csv,"{'win_size': 100, 'lr': 0.0001}",0.8635068601882888,0.9089757488979341,0.8820037015136696,0.9493070845923195,0.8213919847209755,0.9723913797999558,0.9686198746580619,0.6963786331794471,0.9747096521765428
082_LTDB_id_4_Medical_tr_4456_1st_4556.csv,"{'win_size': 100, 'lr': 1e-05}",0.4601794348482761,0.6052914355444017,0.5118583656360439,0.7053570937348239,0.43837359655440084,0.9746040498728671,0.9412168094077213,0.44527055122442183,0.9063602979282503
082_LTDB_id_4_Medical_tr_4456_1st_4556.csv,"{'win_size': 150, 'lr': 0.001}",0.9291931528311175,0.9793190997467994,0.9722327780592024,0.9949106797543062,0.8784430166529447,0.9489932033284635,0.942165208144976,0.8191886986281923,0.9517866795506627
082_LTDB_id_4_Medical_tr_4456_1st_4556.csv,"{'win_size': 150, 'lr': 0.0001}",0.8995745957785624,0.970300339576919,0.9501154044737439,0.9908860336911154,0.8706059401736008,0.9532322919888648,0.944453630801714,0.6848647935516851,0.9604307753559721
082_LTDB_id_4_Medical_tr_4456_1st_4556.csv,"{'win_size': 150, 'lr': 1e-05}",0.47755912471397466,0.7700024486289638,0.5072285769497493,0.8259063095748584,0.4235818273566701,0.8106871996757946,0.6940135269695992,0.7263007296787902,0.8300385462406837
090_SVDB_id_7_Medical_tr_12157_1st_12257.csv,"{'win_size': 10, 'lr': 0.001}",0.47122434494229,0.6970136442360412,0.49127002820441384,0.7784276369209677,0.5470932931787519,1.0,0.9999999999999996,0.49322533353634807,0.9876822975559594
090_SVDB_id_7_Medical_tr_12157_1st_12257.csv,"{'win_size': 10, 'lr': 0.0001}",0.43018185646448037,0.7053154988709698,0.4456193161709553,0.7729154851283095,0.49798115961380957,1.0,0.9999999999999996,0.4793731183760896,0.9874421042509559
090_SVDB_id_7_Medical_tr_12157_1st_12257.csv,"{'win_size': 10, 'lr': 1e-05}",0.3529675652579247,0.7065691093603453,0.3690833774134953,0.773108943119212,0.4091685091951976,1.0,0.9999999999999996,0.4447281972655092,0.9861795273370998
090_SVDB_id_7_Medical_tr_12157_1st_12257.csv,"{'win_size': 50, 'lr': 0.001}",0.7380962865488985,0.8594715345448312,0.7627845682824924,0.9097211667484382,0.7984376610459811,1.0,0.9999999999999996,0.8171303367008818,0.9948703658222681
090_SVDB_id_7_Medical_tr_12157_1st_12257.csv,"{'win_size': 50, 'lr': 0.0001}",0.7108785721423774,0.7990728701342176,0.7398172182695643,0.868516037954504,0.7848401616705157,1.0,0.9999999999999996,0.8016537494210703,0.9953174061267431
090_SVDB_id_7_Medical_tr_12157_1st_12257.csv,"{'win_size': 50, 'lr': 1e-05}",0.6920828138111348,0.7920735784995536,0.713364114681226,0.8543652915251809,0.7688696531664114,1.0,0.9999999999999996,0.8123817691214512,0.9949526117770268
090_SVDB_id_7_Medical_tr_12157_1st_12257.csv,"{'win_size': 100, 'lr': 0.001}",0.9958605416886606,0.9997636258958198,0.997569612336964,0.9999063599598362,0.9655400385336443,1.0,0.9999999999999996,0.9749176409836438,0.9996020141441203
090_SVDB_id_7_Medical_tr_12157_1st_12257.csv,"{'win_size': 100, 'lr': 0.0001}",0.991228042528246,0.9971211365282937,0.9970292558954177,0.9998426690856811,0.9666884229116394,1.0,0.9999999999999996,0.9610209980212496,0.9995532398381153
090_SVDB_id_7_Medical_tr_12157_1st_12257.csv,"{'win_size': 100, 'lr': 1e-05}",0.9807137304147309,0.9902062354185367,0.9959481618217232,0.9995320518893531,0.9688199429491338,1.0,0.9999999999999996,0.9789223402339761,0.9994529098811996
090_SVDB_id_7_Medical_tr_12157_1st_12257.csv,"{'win_size': 150, 'lr': 0.001}",0.9866820950800854,0.9991601676130023,0.9973851085053581,0.9998840772000189,0.9353832639905916,1.0,0.9999999999999996,0.9347379426842937,0.9990163129585389
090_SVDB_id_7_Medical_tr_12157_1st_12257.csv,"{'win_size': 150, 'lr': 0.0001}",0.9890378732489923,0.9993740298977367,0.9977445407736396,0.9999076437746711,0.940482804904821,1.0,0.9999999999999996,0.9503679270908593,0.998413691450608
090_SVDB_id_7_Medical_tr_12157_1st_12257.csv,"{'win_size': 150, 'lr': 1e-05}",0.9838736666869243,0.9989276771267968,0.9969048490935254,0.9998598836848295,0.9270236048564894,1.0,0.9999999999999996,0.9281794899023257,0.9987993493571434
107_SVDB_id_24_Medical_tr_32805_1st_32905.csv,"{'win_size': 10, 'lr': 0.001}",0.04175962501523972,0.5585338117979669,0.05010024863491684,0.6464749754441691,0.07724727029685953,0.6122623371074557,0.2388451443569549,0.09302308915922909,0.7045205749258623
107_SVDB_id_24_Medical_tr_32805_1st_32905.csv,"{'win_size': 10, 'lr': 0.0001}",0.03996025819225264,0.5606118402806464,0.049083059394104414,0.6468726999549803,0.07187976301641841,0.5742178832926559,0.1961030798240096,0.07599755474247902,0.6875489686205449
107_SVDB_id_24_Medical_tr_32805_1st_32905.csv,"{'win_size': 10, 'lr': 1e-05}",0.04578541966739573,0.5386856194690732,0.05007821816029588,0.6283091505664318,0.0749122195702489,0.6945959345562717,0.32637459570714444,0.11891154319838472,0.7226457667142486
107_SVDB_id_24_Medical_tr_32805_1st_32905.csv,"{'win_size': 50, 'lr': 0.001}",0.12718255828358235,0.6971568140962557,0.11358191030992537,0.7720496252352799,0.22590056806922482,0.5403709513703054,0.3948554155021954,0.1932702562413337,0.7503953040185919
107_SVDB_id_24_Medical_tr_32805_1st_32905.csv,"{'win_size': 50, 'lr': 0.0001}",0.17714585712946676,0.6844718346035824,0.13527133949583175,0.7493178638419637,0.27508770169622765,0.6223529411764706,0.5080788050174243,0.2513894112495063,0.7583442042937455
107_SVDB_id_24_Medical_tr_32805_1st_32905.csv,"{'win_size': 50, 'lr': 1e-05}",0.12900564532435027,0.6302797471235503,0.10658753990493001,0.7006847183667909,0.24276980317204142,0.5735641227380016,0.4413082720054527,0.23079996361246366,0.7146512671858666
107_SVDB_id_24_Medical_tr_32805_1st_32905.csv,"{'win_size': 100, 'lr': 0.001}",0.24295990492576836,0.8751061760520679,0.2312230544965357,0.9069073862793502,0.3431322602612247,0.5617202017520574,0.4558930648026268,0.21688482082585966,0.8232448126101947
107_SVDB_id_24_Medical_tr_32805_1st_32905.csv,"{'win_size': 100, 'lr': 0.0001}",0.2770575176231822,0.84678936765032,0.23238726937622,0.89045097418328,0.35614212547302837,0.5613889177669197,0.4866809693549593,0.2816424671909638,0.8332372723841184
107_SVDB_id_24_Medical_tr_32805_1st_32905.csv,"{'win_size': 100, 'lr': 1e-05}",0.25571582251474145,0.8167368704622112,0.21631240190655354,0.8681970170472295,0.36565140594826,0.5397350993377483,0.46550794014968727,0.27902620053226196,0.8107003775420873
107_SVDB_id_24_Medical_tr_32805_1st_32905.csv,"{'win_size': 150, 'lr': 0.001}",0.1785099881125197,0.8852524562883097,0.19166812813136472,0.8936777037476552,0.3062034958685415,0.44254585358206616,0.3498047373275502,0.25789333824934735,0.7703286690775226
107_SVDB_id_24_Medical_tr_32805_1st_32905.csv,"{'win_size': 150, 'lr': 0.0001}",0.31429331339371386,0.8849769306095094,0.24441587730810044,0.8855788132266709,0.42418821262216655,0.5552604698672114,0.4811145510835908,0.32676510891696836,0.7528688682718643
107_SVDB_id_24_Medical_tr_32805_1st_32905.csv,"{'win_size': 150, 'lr': 1e-05}",0.21606639554144227,0.8333278510995898,0.190948080164584,0.8457393117511905,0.36657937027387316,0.45960177719269374,0.40679146393981824,0.24492664395855832,0.7084123473541742
113_SVDB_id_30_Medical_tr_4552_1st_4652.csv,"{'win_size': 10, 'lr': 0.001}",0.328584614060621,0.6478343440325027,0.321750559012936,0.6543295166041296,0.3989675389933359,0.9892954941498631,0.9693678926339508,0.43423457483349737,0.9710328173447469
113_SVDB_id_30_Medical_tr_4552_1st_4652.csv,"{'win_size': 10, 'lr': 0.0001}",0.32439169826289516,0.6456454389882916,0.3185579630715952,0.6524352951800827,0.3988362912081765,0.9928546444810873,0.9860606430014859,0.4409172055127415,0.9736817946639854
113_SVDB_id_30_Medical_tr_4552_1st_4652.csv,"{'win_size': 10, 'lr': 1e-05}",0.22044124410797072,0.6570581392733215,0.20646764711157323,0.6637535359461846,0.24925266682736782,0.9877218273102352,0.9827586206896546,0.40648077097764596,0.9619949885880074
113_SVDB_id_30_Medical_tr_4552_1st_4652.csv,"{'win_size': 50, 'lr': 0.001}",0.5652875959245184,0.7474036064318164,0.557621759076663,0.7522960449071427,0.6475300935390818,0.986642832315408,0.9745065822672383,0.7013470711322402,0.9782827430109299
113_SVDB_id_30_Medical_tr_4552_1st_4652.csv,"{'win_size': 50, 'lr': 0.0001}",0.5581929867842368,0.7387840012907572,0.5513468760644684,0.7437035156465096,0.6423302770261128,0.9862510547476051,0.9726357481927859,0.6894282832096262,0.9770715290811245
113_SVDB_id_30_Medical_tr_4552_1st_4652.csv,"{'win_size': 50, 'lr': 1e-05}",0.48634461446503374,0.7081391684571896,0.47948724246360847,0.7132115437923195,0.5843037991861559,0.9926066540113897,0.9884096321778243,0.6753436482132859,0.977961378698729
113_SVDB_id_30_Medical_tr_4552_1st_4652.csv,"{'win_size': 100, 'lr': 0.001}",0.8083007090181143,0.8830357367646695,0.8008823037086066,0.8866500382309018,0.8324037340584576,0.9837120649537106,0.9761891569758072,0.7814963551714627,0.9841267626908906
113_SVDB_id_30_Medical_tr_4552_1st_4652.csv,"{'win_size': 100, 'lr': 0.0001}",0.8189778697044525,0.8797750811222422,0.8113660054879716,0.8832605516672772,0.846332274982048,0.9815253902390831,0.9729699273153811,0.8479266371404232,0.9833508057561581
113_SVDB_id_30_Medical_tr_4552_1st_4652.csv,"{'win_size': 100, 'lr': 1e-05}",0.7711987554829922,0.8327712824088486,0.7650842734811802,0.8360269402094724,0.829449835363279,0.9862510547476051,0.9805331166372979,0.8342449153528823,0.9837707941823809
113_SVDB_id_30_Medical_tr_4552_1st_4652.csv,"{'win_size': 150, 'lr': 0.001}",0.9402449685746814,0.9932717308440411,0.9348035489706429,0.9959296026453441,0.9091568332545465,0.9587553207104066,0.9489016416931227,0.8547788377972562,0.9857526708680143
113_SVDB_id_30_Medical_tr_4552_1st_4652.csv,"{'win_size': 150, 'lr': 0.0001}",0.9422646268764601,0.9899511575453432,0.937914466411578,0.9941770625473421,0.9110083072603535,0.9568986274981941,0.949432783549066,0.8781706095534223,0.9851421861455313
113_SVDB_id_30_Medical_tr_4552_1st_4652.csv,"{'win_size': 150, 'lr': 1e-05}",0.8968281105278628,0.9595665857634329,0.8887890779942371,0.9669555411761868,0.8767852512262155,0.9507631944112158,0.9420006516780705,0.850797027125613,0.9847125645727522
120_TAO_id_5_Environment_tr_500_1st_3.csv,"{'win_size': 10, 'lr': 0.001}",0.28248466628392305,0.8017856323445367,0.9881496875881216,0.9955944834949297,0.3482309373408582,0.34620505992010653,0.33422749763718196,0.21339320653582028,0.7879189268968442
120_TAO_id_5_Environment_tr_500_1st_3.csv,"{'win_size': 10, 'lr': 0.0001}",0.27376157698999226,0.7938709836655973,0.9873868137548276,0.9950386852358294,0.3335504875254368,0.33389093342254933,0.32440718151588455,0.21062191055563237,0.775819983120617
120_TAO_id_5_Environment_tr_500_1st_3.csv,"{'win_size': 10, 'lr': 1e-05}",0.2625614584948561,0.7872314390320889,0.9881574468162679,0.9957195005888356,0.3264993177396211,0.3263296126066973,0.3136274111357735,0.19674771777868927,0.7996567288008728
120_TAO_id_5_Environment_tr_500_1st_3.csv,"{'win_size': 50, 'lr': 0.001}",0.15047985269505487,0.6299261380570121,0.9750561481826303,0.9857052560091601,0.21758815525007422,0.21739910313901345,0.21409071887388484,0.1552831417502853,0.6793570875772211
120_TAO_id_5_Environment_tr_500_1st_3.csv,"{'win_size': 50, 'lr': 0.0001}",0.14189173497330998,0.6211851746790572,0.9742498537447861,0.9854490247245468,0.21619084688426354,0.2188006482982172,0.21497013043117752,0.2117367992982253,0.6786822082916626
120_TAO_id_5_Environment_tr_500_1st_3.csv,"{'win_size': 50, 'lr': 1e-05}",0.12303051052040395,0.575207036386584,0.9738463691428169,0.9857343679805589,0.19378058569212667,0.1949685534591195,0.19028602906412673,0.11267839651953156,0.6784476413556273
120_TAO_id_5_Environment_tr_500_1st_3.csv,"{'win_size': 100, 'lr': 0.001}",0.11713593295789206,0.5689851682826791,0.9694044164894177,0.9812736796004529,0.1906167714897709,0.19185175091974382,0.19045603555856513,0.18887860977601062,0.6780589901898483
120_TAO_id_5_Environment_tr_500_1st_3.csv,"{'win_size': 100, 'lr': 0.0001}",0.11442213655866894,0.5634166693318241,0.9685743906071692,0.980831475537929,0.18882009422437135,0.18927862342819324,0.18814049215020923,0.17991208522878097,0.6780540397601402
120_TAO_id_5_Environment_tr_500_1st_3.csv,"{'win_size': 100, 'lr': 1e-05}",0.11515383044487154,0.5602114118799278,0.970509097116303,0.9832715529234535,0.1876833645353491,0.1893744644387318,0.18713108353656482,0.12247602964663575,0.6780511356394388
120_TAO_id_5_Environment_tr_500_1st_3.csv,"{'win_size': 150, 'lr': 0.001}",0.0,0.0,0.0,0.0,0.0,0.0,0.0,0.0,0.0
120_TAO_id_5_Environment_tr_500_1st_3.csv,"{'win_size': 150, 'lr': 0.0001}",0.0,0.0,0.0,0.0,0.0,0.0,0.0,0.0,0.0
120_TAO_id_5_Environment_tr_500_1st_3.csv,"{'win_size': 150, 'lr': 1e-05}",0.0,0.0,0.0,0.0,0.0,0.0,0.0,0.0,0.0
126_TAO_id_11_Environment_tr_500_1st_7.csv,"{'win_size': 10, 'lr': 0.001}",0.2644518176209557,0.8024411789231745,0.9880559883487634,0.9956710771845029,0.3466810848677815,0.34523809523809523,0.3369396133288104,0.23219353070703624,0.7882409886850228
126_TAO_id_11_Environment_tr_500_1st_7.csv,"{'win_size': 10, 'lr': 0.0001}",0.24920885566246992,0.7805594004096043,0.9876227670998021,0.9952023343517753,0.33238483153570325,0.33081719724319003,0.32172033942971545,0.18651342307444624,0.7833783204514069
126_TAO_id_11_Environment_tr_500_1st_7.csv,"{'win_size': 10, 'lr': 1e-05}",0.2002629901530868,0.7366370256965171,0.9879443214367445,0.995524707960797,0.2852252475815603,0.28732747804265996,0.27787395443593366,0.16089016615663085,0.7865398800329676
126_TAO_id_11_Environment_tr_500_1st_7.csv,"{'win_size': 50, 'lr': 0.001}",0.13718531831381675,0.6199915481771778,0.9741800913279862,0.9848677595452133,0.21711839716162273,0.21768452603971525,0.21514096033249322,0.1612116632362686,0.6811069652232973
126_TAO_id_11_Environment_tr_500_1st_7.csv,"{'win_size': 50, 'lr': 0.0001}",0.13153667896637122,0.6070494061406506,0.9741267715700092,0.9851112389540333,0.20962022348791914,0.20920876173446581,0.20573894626110983,0.14017153196117005,0.680941508321773
126_TAO_id_11_Environment_tr_500_1st_7.csv,"{'win_size': 50, 'lr': 1e-05}",0.12378617131982031,0.5907250356071096,0.9732116841023859,0.9855098561269808,0.20278329459945293,0.2046545991872922,0.2013768729521773,0.14212601976034367,0.6806542766116209
126_TAO_id_11_Environment_tr_500_1st_7.csv,"{'win_size': 100, 'lr': 0.001}",0.13249039038279942,0.5895509726920083,0.9706269433435407,0.9814765334734141,0.19930451287377715,0.19963784517881394,0.19640304174883524,0.16514456673469535,0.6785629691082015
126_TAO_id_11_Environment_tr_500_1st_7.csv,"{'win_size': 100, 'lr': 0.0001}",0.12589424800536597,0.5788673980738194,0.9697036352383809,0.9814372389811764,0.19490575690063755,0.19571865443425077,0.1939023088401493,0.16368656586639468,0.6786770965676846
126_TAO_id_11_Environment_tr_500_1st_7.csv,"{'win_size': 100, 'lr': 1e-05}",0.11792823585914823,0.5711653746534585,0.9690667324330676,0.9819413479425579,0.19394625603225135,0.1947970863683663,0.1917431497638263,0.19045504956615344,0.6787200946353975
126_TAO_id_11_Environment_tr_500_1st_7.csv,"{'win_size': 150, 'lr': 0.001}",0.0,0.0,0.0,0.0,0.0,0.0,0.0,0.0,0.0
126_TAO_id_11_Environment_tr_500_1st_7.csv,"{'win_size': 150, 'lr': 0.0001}",0.0,0.0,0.0,0.0,0.0,0.0,0.0,0.0,0.0
126_TAO_id_11_Environment_tr_500_1st_7.csv,"{'win_size': 150, 'lr': 1e-05}",0.0,0.0,0.0,0.0,0.0,0.0,0.0,0.0,0.0
131_OPPORTUNITY_id_3_HumanActivity_tr_7016_1st_26691.csv,"{'win_size': 10, 'lr': 0.001}",0.0768331077105694,0.9325366442037916,0.09045342234110162,0.9332324050782912,0.24839827616564308,0.35464803868887695,0.24078803356439232,0.02630727027994071,0.9140418925521454
131_OPPORTUNITY_id_3_HumanActivity_tr_7016_1st_26691.csv,"{'win_size': 10, 'lr': 0.0001}",0.08337919842374333,0.9387648477856151,0.09874814821814439,0.939590086896881,0.26451382188536793,0.416141235813367,0.2287694974003464,0.04291022413999761,0.9140418925521454
131_OPPORTUNITY_id_3_HumanActivity_tr_7016_1st_26691.csv,"{'win_size': 10, 'lr': 1e-05}",0.11025189352559446,0.9557523970597233,0.12976349732467765,0.9565718630589478,0.3286825123045038,0.504973221117062,0.3082671648762258,0.06882341903150806,0.9140418925521454
131_OPPORTUNITY_id_3_HumanActivity_tr_7016_1st_26691.csv,"{'win_size': 50, 'lr': 0.001}",0.07321273732118319,0.9293999265804861,0.08674943729960939,0.9311226124577038,0.23921500161928622,0.336734693877551,0.22774327122153187,0.06902504447068299,0.7374481183739214
131_OPPORTUNITY_id_3_HumanActivity_tr_7016_1st_26691.csv,"{'win_size': 50, 'lr': 0.0001}",0.0862939083841845,0.9417063809423918,0.1013350793773236,0.943262088911586,0.26837089153873234,0.4480651731160896,0.2572096648480122,0.12287097444071328,0.7354544135248368
131_OPPORTUNITY_id_3_HumanActivity_tr_7016_1st_26691.csv,"{'win_size': 50, 'lr': 1e-05}",0.12046868281540042,0.9605502311840645,0.14240929095525828,0.9618719195121199,0.34951163689466175,0.5845881310894597,0.33469387755102015,0.07588956766671717,0.7545283986991456
131_OPPORTUNITY_id_3_HumanActivity_tr_7016_1st_26691.csv,"{'win_size': 100, 'lr': 0.001}",0.10115774783343887,0.9517332249521461,0.1164648804037283,0.9532853200080605,0.30022836307286893,0.4438466711499664,0.28509719222462176,0.230328459284101,0.7349652519167548
131_OPPORTUNITY_id_3_HumanActivity_tr_7016_1st_26691.csv,"{'win_size': 100, 'lr': 0.0001}",0.11535750947895192,0.9589040826493956,0.13442952989806303,0.9603141091162265,0.3321345547908734,0.5271565495207667,0.3328197226502308,0.13699865462065502,0.7447476961164351
131_OPPORTUNITY_id_3_HumanActivity_tr_7016_1st_26691.csv,"{'win_size': 100, 'lr': 1e-05}",0.19204895047275325,0.9779530595834315,0.22686042864409875,0.9789729263628171,0.47738696409775777,0.6707317073170732,0.4657727593507406,0.26206193496739266,0.8147365108678023
131_OPPORTUNITY_id_3_HumanActivity_tr_7016_1st_26691.csv,"{'win_size': 150, 'lr': 0.001}",0.10369796798181805,0.9536467210320685,0.12160992833088634,0.9548140539778879,0.30884156257976797,0.49586776859504134,0.3023362345396241,0.22355460385438972,0.7474030545436853
131_OPPORTUNITY_id_3_HumanActivity_tr_7016_1st_26691.csv,"{'win_size': 150, 'lr': 0.0001}",0.15927530701330359,0.9723644361119125,0.18377471749742655,0.9733241120430794,0.4057756081236336,0.6082949308755761,0.394838709677419,0.31261886685981094,0.7685904456625772
131_OPPORTUNITY_id_3_HumanActivity_tr_7016_1st_26691.csv,"{'win_size': 150, 'lr': 1e-05}",0.1821340188878351,0.9766838415886584,0.21093603813062972,0.9775743418379836,0.44505143950503046,0.7096774193548387,0.43679682329583014,0.33356664599883923,0.8104481623931465
140_CATSv2_id_3_Sensor_tr_28307_1st_28407.csv,"{'win_size': 10, 'lr': 0.001}",0.33559384288850325,0.7311179830549156,0.30457851441605527,0.7431462260331162,0.32399913549031195,0.932644352820439,0.7646516073299388,0.21294848179357964,0.7983835716207783
140_CATSv2_id_3_Sensor_tr_28307_1st_28407.csv,"{'win_size': 10, 'lr': 0.0001}",0.3392922369532253,0.7417340357622888,0.31050978812665087,0.7537988379148525,0.32569418237141384,0.919871439654217,0.7557548985526901,0.21771977581297672,0.7990778296639032
140_CATSv2_id_3_Sensor_tr_28307_1st_28407.csv,"{'win_size': 10, 'lr': 1e-05}",0.3406121377978089,0.7280758309811828,0.3015669330084845,0.7379337111801705,0.34035960191131126,0.9169075543608344,0.746571319116332,0.2104653557096723,0.7918064391121482
140_CATSv2_id_3_Sensor_tr_28307_1st_28407.csv,"{'win_size': 50, 'lr': 0.001}",0.44057421463048035,0.7235487053091397,0.36705122361499276,0.7224100751032058,0.4550629912706743,0.8875686054304708,0.7217353395152638,0.2874870440615551,0.8030264704114892
140_CATSv2_id_3_Sensor_tr_28307_1st_28407.csv,"{'win_size': 50, 'lr': 0.0001}",0.44340915065425623,0.7180646599462366,0.3664044012982918,0.716349050751804,0.4665748913310405,0.8455536947020138,0.6932705762625615,0.2971417795455096,0.7999591049705254
140_CATSv2_id_3_Sensor_tr_28307_1st_28407.csv,"{'win_size': 50, 'lr': 1e-05}",0.4583075457239098,0.750673088469662,0.3579745293726653,0.739941611082785,0.4600711107240316,0.834910169127831,0.6670202321021091,0.28023691347260266,0.7933376788464529
140_CATSv2_id_3_Sensor_tr_28307_1st_28407.csv,"{'win_size': 100, 'lr': 0.001}",0.4934495078575949,0.7453147976670507,0.39554559244115306,0.7280858244331696,0.5077806200039651,0.8488128921146513,0.6883588970653421,0.406001124723589,0.8092649702846932
140_CATSv2_id_3_Sensor_tr_28307_1st_28407.csv,"{'win_size': 100, 'lr': 0.0001}",0.488233182830572,0.737827405577957,0.38214375696933894,0.718015016992311,0.5060753904627622,0.8488999159302015,0.6943680122601089,0.39989363786296644,0.7945244843917455
140_CATSv2_id_3_Sensor_tr_28307_1st_28407.csv,"{'win_size': 100, 'lr': 1e-05}",0.4990455287369379,0.7874005661482335,0.37375282475853544,0.7534014872830546,0.4876031316041105,0.8324142093105529,0.6471097317138674,0.3340270010882491,0.8084476904120178
140_CATSv2_id_3_Sensor_tr_28307_1st_28407.csv,"{'win_size': 150, 'lr': 0.001}",0.49877077922671337,0.750050661530338,0.37040447867259707,0.7223046864112651,0.5134330164251205,0.8071906256702217,0.6427378964941565,0.41875640195417496,0.8125337328821579
140_CATSv2_id_3_Sensor_tr_28307_1st_28407.csv,"{'win_size': 150, 'lr': 0.0001}",0.500187515160873,0.742754856374808,0.35717797273720386,0.7080770174760438,0.5184015206853854,0.8209887560235588,0.6471438464749609,0.4016451283069401,0.7700091829167537
140_CATSv2_id_3_Sensor_tr_28307_1st_28407.csv,"{'win_size': 150, 'lr': 1e-05}",0.49091659607750787,0.7841545207853304,0.34511195505666614,0.72867991583302,0.47516796262648076,0.8147681650003936,0.6342626812653874,0.3742723913021308,0.7866235714213616
149_SMAP_id_6_Sensor_tr_2128_1st_5000.csv,"{'win_size': 10, 'lr': 0.001}",0.0978927438106119,0.5705595349117933,0.09214391893907352,0.580686146767841,0.19377271444076838,0.9542600896860987,0.6666666666666662,0.19293478260869568,0.8209380412211831
149_SMAP_id_6_Sensor_tr_2128_1st_5000.csv,"{'win_size': 10, 'lr': 0.0001}",0.06523829191792385,0.31527977610902247,0.059186847101729674,0.3558769014542072,0.1282011091282673,0.9542600896860987,0.6666666666666662,0.19293478260869568,0.7930464900521647
149_SMAP_id_6_Sensor_tr_2128_1st_5000.csv,"{'win_size': 10, 'lr': 1e-05}",0.06499644863943613,0.3157499653334147,0.058641289672283346,0.35822505461647086,0.1282011091282673,0.9542600896860987,0.6666666666666662,0.7445039687875782,0.7863229568509519
149_SMAP_id_6_Sensor_tr_2128_1st_5000.csv,"{'win_size': 50, 'lr': 0.001}",0.08795636367006593,0.44128983926169807,0.10350633959408832,0.48694164663973216,0.13036202091185825,0.9382716049382716,0.5436893203883489,0.20202975832114906,0.7652031945664999
149_SMAP_id_6_Sensor_tr_2128_1st_5000.csv,"{'win_size': 50, 'lr': 0.0001}",0.07457587269586324,0.3397489771464457,0.08831326432055442,0.3859924700822904,0.13036202091185825,0.9382716049382716,0.5436893203883489,0.20202975832114906,0.7606677845795824
149_SMAP_id_6_Sensor_tr_2128_1st_5000.csv,"{'win_size': 50, 'lr': 1e-05}",0.07659818694715417,0.26212773441480103,0.0846841071876045,0.3180155726538053,0.1282011091282673,0.9382716049382716,0.5436893203883489,0.20202975832114906,0.7620361451028127
149_SMAP_id_6_Sensor_tr_2128_1st_5000.csv,"{'win_size': 100, 'lr': 0.001}",0.08414084894147665,0.3834235746192571,0.10975211304823015,0.44493417774383665,0.1583552895100889,0.9180327868852459,0.5221674876847285,0.22357278071136794,0.7591409437567636
149_SMAP_id_6_Sensor_tr_2128_1st_5000.csv,"{'win_size': 100, 'lr': 0.0001}",0.07214366160893458,0.20848451966606724,0.09135939100250756,0.27320089454739516,0.1583552895100889,0.9204152249134948,0.5221674876847285,0.43111776366294646,0.7611616731609283
149_SMAP_id_6_Sensor_tr_2128_1st_5000.csv,"{'win_size': 100, 'lr': 1e-05}",0.07206149976385787,0.206140171552546,0.09105172355832004,0.2719412609200038,0.1583552895100889,0.9180327868852459,0.5221674876847285,0.22357278071136794,0.7613816491258195
149_SMAP_id_6_Sensor_tr_2128_1st_5000.csv,"{'win_size': 150, 'lr': 0.001}",0.09175879252537572,0.3611502124234225,0.10451931463812165,0.4069081786465329,0.2158437522135949,0.8986486486486487,0.5148514851485143,0.24510822637533114,0.7634906035882408
149_SMAP_id_6_Sensor_tr_2128_1st_5000.csv,"{'win_size': 150, 'lr': 0.0001}",0.08370755148123102,0.22866144580320152,0.09259267857208402,0.28388305916773177,0.2158437522135949,0.8986486486486487,0.5148514851485143,0.24510822637533114,0.7659954625108742
149_SMAP_id_6_Sensor_tr_2128_1st_5000.csv,"{'win_size': 150, 'lr': 1e-05}",0.08364103093053613,0.2316985848029045,0.09264073956615018,0.2849146731160303,0.2158437522135949,0.9117395029991431,0.5148514851485143,0.24510822637533114,0.7690422048727823
164_SMAP_id_21_Sensor_tr_1976_1st_4200.csv,"{'win_size': 10, 'lr': 0.001}",0.18446670353068387,0.5695958627850325,0.07950408218020423,0.7406478598964253,0.2999974500216748,1.0,0.9999999999999996,0.5087719298245613,0.9984850253447803
164_SMAP_id_21_Sensor_tr_1976_1st_4200.csv,"{'win_size': 10, 'lr': 0.0001}",0.18391178123126814,0.5572810590631365,0.08056499734562836,0.7438598644465458,0.2999974500216748,1.0,0.9999999999999996,0.5087719298245613,0.9984850253447803
164_SMAP_id_21_Sensor_tr_1976_1st_4200.csv,"{'win_size': 10, 'lr': 1e-05}",0.1833539032155308,0.5503162313805359,0.07978854093850568,0.7317056450934148,0.2999974500216748,1.0,0.9999999999999996,0.5087719298245613,0.9984850253447803
164_SMAP_id_21_Sensor_tr_1976_1st_4200.csv,"{'win_size': 50, 'lr': 0.001}",0.5415053197755211,0.8454260013577731,0.7599436439477522,0.943971027698462,0.7499950195643234,0.9444444444444444,0.8888888888888884,0.7675388303971646,0.998997271873581
164_SMAP_id_21_Sensor_tr_1976_1st_4200.csv,"{'win_size': 50, 'lr': 0.0001}",0.4249207938690453,0.8525917495307695,0.7343553005188375,0.9501710838755358,0.7399950020337565,0.9026548672566371,0.8604651162790692,0.7675388303971646,0.9987808140508309
164_SMAP_id_21_Sensor_tr_1976_1st_4200.csv,"{'win_size': 50, 'lr': 1e-05}",0.5166168620172649,0.8761106784872807,0.7391264530441597,0.9561398863333659,0.7272677318984071,1.0,0.9999999999999996,0.6164089347079038,0.999081628347402
164_SMAP_id_21_Sensor_tr_1976_1st_4200.csv,"{'win_size': 100, 'lr': 0.001}",0.42333636767696864,0.9958443153228705,0.8560686131840338,0.9990933746747729,0.6938730196047699,0.9272727272727272,0.6938775510204077,0.6938775510204082,0.9976415779507342
164_SMAP_id_21_Sensor_tr_1976_1st_4200.csv,"{'win_size': 100, 'lr': 0.0001}",0.3860614948237713,0.9954849047561999,0.8230529528133633,0.9989217884595518,0.6938730196047699,0.9272727272727272,0.6938775510204077,0.6938775510204082,0.9976415779507342
164_SMAP_id_21_Sensor_tr_1976_1st_4200.csv,"{'win_size': 100, 'lr': 1e-05}",0.5215579567189217,0.9973543388842299,0.9054095204924782,0.9995362319818023,0.7164131956202471,0.9357798165137615,0.7499999999999994,0.3565062388591801,0.9981482473348677
164_SMAP_id_21_Sensor_tr_1976_1st_4200.csv,"{'win_size': 150, 'lr': 0.001}",0.299232870017598,0.9932535641547862,0.63656345263599,0.9972039668623278,0.5895912179116424,0.796875,0.579545454545454,0.40387027414441856,0.9932470084387631
164_SMAP_id_21_Sensor_tr_1976_1st_4200.csv,"{'win_size': 150, 'lr': 0.0001}",0.28494246749588537,0.9927244319316321,0.6025538495600249,0.9967315782723637,0.5730296193954122,0.7906976744186046,0.56043956043956,0.3935460111402661,0.9893737697020845
164_SMAP_id_21_Sensor_tr_1976_1st_4200.csv,"{'win_size': 150, 'lr': 1e-05}",0.2634112940524353,0.9920106026117168,0.5522245883859617,0.9962334275783862,0.5423687791174968,0.7445255474452555,0.5319148936170208,0.436004557538929,0.9886753787807239
178_Exathlon_id_5_Facility_tr_12538_1st_12638.csv,"{'win_size': 10, 'lr': 0.001}",0.9697441887544924,0.9960381446550104,0.9769616616140211,0.9985423144107135,0.9649648449315313,0.9975842418235877,0.9970019866353615,0.6762380624735944,0.9986223097672818
178_Exathlon_id_5_Facility_tr_12538_1st_12638.csv,"{'win_size': 10, 'lr': 0.0001}",0.9648651100210753,0.9936673118010385,0.9738839988569975,0.9969227226866704,0.9654971971115388,0.9974915611161005,0.9968193865959858,0.6198017028912326,0.9984599399002926
178_Exathlon_id_5_Facility_tr_12538_1st_12638.csv,"{'win_size': 10, 'lr': 1e-05}",0.9730966025549491,0.9985491433025716,0.979014239720266,0.9988268206605452,0.9687136564536688,0.9976151392201196,0.9970250119366799,0.6265590475306209,0.9986291990657573
178_Exathlon_id_5_Facility_tr_12538_1st_12638.csv,"{'win_size': 50, 'lr': 0.001}",0.9702573881020033,0.9975872756150661,0.978128847255834,0.9989780231271929,0.9732079000476516,0.9970592787494196,0.9964612746707521,0.8110736443713533,0.998595094629532
178_Exathlon_id_5_Facility_tr_12538_1st_12638.csv,"{'win_size': 50, 'lr': 0.0001}",0.9711050119833736,0.9982857530262801,0.9825283805375514,0.9990039329096443,0.9734308943150562,0.9970284157741596,0.996373759202959,0.8416546400877515,0.9985510571494437
178_Exathlon_id_5_Facility_tr_12538_1st_12638.csv,"{'win_size': 50, 'lr': 1e-05}",0.9711779111909662,0.998557187899639,0.9830164639675887,0.999008543420821,0.9765246012500564,0.9970592787494196,0.996477354421279,0.8377949645175463,0.998617663509398
178_Exathlon_id_5_Facility_tr_12538_1st_12638.csv,"{'win_size': 100, 'lr': 0.001}",0.9639601992611161,0.9980924614318067,0.9744650512904202,0.9986620649851026,0.9774119466660482,0.9957338939037962,0.9949868862255563,0.9315739230053204,0.998266492586192
178_Exathlon_id_5_Facility_tr_12538_1st_12638.csv,"{'win_size': 100, 'lr': 0.0001}",0.9637840972962273,0.9983391646047217,0.9767124436346991,0.9986830216596452,0.9777727778178745,0.9957031129246654,0.9947298151921856,0.9311245159402315,0.9980679108496088
178_Exathlon_id_5_Facility_tr_12538_1st_12638.csv,"{'win_size': 100, 'lr': 1e-05}",0.9641343126748421,0.9984398222686504,0.9776441593309215,0.9987002796510797,0.9800049639492745,0.9956723338485317,0.9947010383100603,0.9337627143834285,0.9979796981923708
178_Exathlon_id_5_Facility_tr_12538_1st_12638.csv,"{'win_size': 150, 'lr': 0.001}",0.9670032781280573,0.9978296726335447,0.9727975874711199,0.9983275570990844,0.9592271700642598,0.9957646767861007,0.9944170771756973,0.661338805900433,0.9977266273572928
178_Exathlon_id_5_Facility_tr_12538_1st_12638.csv,"{'win_size': 150, 'lr': 0.0001}",0.9649731590726743,0.9985026990962829,0.9745435661545805,0.9986191983857063,0.9805799256069905,0.9953338895584191,0.9941554017713071,0.9339832146028825,0.9977722600764289
178_Exathlon_id_5_Facility_tr_12538_1st_12638.csv,"{'win_size': 150, 'lr': 1e-05}",0.965421902342463,0.9985055826769409,0.97680916938018,0.9986211472891474,0.9829746436822928,0.9953031333044929,0.9940618026400387,0.9357170346172459,0.9976777644711087
195_Exathlon_id_22_Facility_tr_10766_1st_12590.csv,"{'win_size': 10, 'lr': 0.001}",0.9823439865718696,0.9989476847061961,0.9891416407559812,0.9992456522525895,0.9850557780123207,0.9994485294117647,0.9977296181630542,0.7750937062065844,0.9983936348062583
195_Exathlon_id_22_Facility_tr_10766_1st_12590.csv,"{'win_size': 10, 'lr': 0.0001}",0.9803840062314542,0.9987553624189522,0.987431006475325,0.9990796904010801,0.9840513592604667,0.9994485294117647,0.9974419706300327,0.734361688401542,0.9980556397834398
195_Exathlon_id_22_Facility_tr_10766_1st_12590.csv,"{'win_size': 10, 'lr': 1e-05}",0.981811328339935,0.9991649399231991,0.9888328334654931,0.9994581713875949,0.9845162720013205,0.9993566767760316,0.9972664718635116,0.7581777744116762,0.9978926177246417
195_Exathlon_id_22_Facility_tr_10766_1st_12590.csv,"{'win_size': 50, 'lr': 0.001}",0.9790170671937761,0.9988939232291484,0.9843230502601686,0.9991897028569494,0.9830270915428577,1.0,0.9999999999999996,0.8470975853896817,0.9972853709843238
195_Exathlon_id_22_Facility_tr_10766_1st_12590.csv,"{'win_size': 50, 'lr': 0.0001}",0.9792190544041601,0.9989299369179281,0.9843171621959722,0.99919315159182,0.9826422218030313,1.0,0.9999999999999996,0.8471604395964965,0.9973218083223518
195_Exathlon_id_22_Facility_tr_10766_1st_12590.csv,"{'win_size': 50, 'lr': 1e-05}",0.979896304946251,0.9990646314377027,0.9849532036511272,0.9992807054268601,0.9842331786859257,1.0,0.9999999999999996,0.8479490851548842,0.9973521768763028
195_Exathlon_id_22_Facility_tr_10766_1st_12590.csv,"{'win_size': 100, 'lr': 0.001}",0.9878534437177202,0.999184369132333,0.9973693128873505,0.9997858666134097,0.9788649626046124,1.0,0.9999999999999996,0.9137938181361396,0.9994805732016907
195_Exathlon_id_22_Facility_tr_10766_1st_12590.csv,"{'win_size': 100, 'lr': 0.0001}",0.9869338419477617,0.9991354124131667,0.9970449834037192,0.9997648629852528,0.9785043737522431,1.0,0.9999999999999996,0.9125938481844645,0.9994214102329897
195_Exathlon_id_22_Facility_tr_10766_1st_12590.csv,"{'win_size': 100, 'lr': 1e-05}",0.9883092041562017,0.9992751023170258,0.9974148945560076,0.999814489741721,0.9812130893788736,1.0,0.9999999999999996,0.913298163950721,0.9995134293384195
195_Exathlon_id_22_Facility_tr_10766_1st_12590.csv,"{'win_size': 150, 'lr': 0.001}",0.990008374345351,0.999349387881911,0.9971218305609508,0.9997931285413071,0.9777891583415325,1.0,0.9999999999999996,0.9802990308087947,0.9995700690520484
195_Exathlon_id_22_Facility_tr_10766_1st_12590.csv,"{'win_size': 150, 'lr': 0.0001}",0.9899871202271376,0.9993271774853563,0.997161948862486,0.9997894491912209,0.977481621228555,1.0,0.9999999999999996,0.9800181512844043,0.9995401554228881
195_Exathlon_id_22_Facility_tr_10766_1st_12590.csv,"{'win_size': 150, 'lr': 1e-05}",0.9868092537806822,0.9992303295986189,0.9959949347985323,0.9997437129755554,0.9781932002964555,1.0,0.9999999999999996,0.9807887938073779,0.9995494637231797
