file,Time,AUC-PR,AUC-ROC,VUS-PR,VUS-ROC,Standard-F1,PA-F1,Event-based-F1,R-based-F1,Affiliation-F
001_Genesis_id_1_Sensor_tr_4055_1st_15538.csv,3.949554920196533,0.021346362494310264,0.9246765615337043,0.11553672032419476,0.9550758172824197,0.06672435813010025,0.09867172675521822,0.06506849315068484,0.09109228110113404,0.8672296888411876
002_MSL_id_1_Sensor_tr_500_1st_900.csv,2.307408094406128,0.5942336504537461,0.994243091710052,0.895050649520099,0.9992932103325319,0.6666617014258696,0.88,0.7272727272727267,0.37096774193548393,0.996482616198561
003_MSL_id_2_Sensor_tr_883_1st_1238.csv,11.55216360092163,0.439772359048453,0.8200772948397604,0.3524463189767719,0.840943792821579,0.4050592725923431,0.6388059701492538,0.6666666666666662,0.4322344322344322,0.8339848126444882
005_MSL_id_4_Sensor_tr_855_1st_2700.csv,10.8832266330719,0.07112392244398144,0.8716969077971259,0.10966101205653041,0.8954837193075413,0.21289165092317913,0.33649289099526064,0.21289355322338807,0.35908633424881864,0.9231461636068481
006_MSL_id_5_Sensor_tr_1150_1st_1250.csv,21.42657232284546,0.6768172614568448,0.7759859677280205,0.6784173201981498,0.783143450970615,0.7072761625198729,1.0,0.9999999999999996,0.787274748314596,0.9933197985136313
007_MSL_id_6_Sensor_tr_980_1st_3550.csv,13.849992275238037,0.06245807045091693,0.691038792036121,0.07248996839242151,0.7250650139397605,0.146338773733747,0.423562412342216,0.1591448931116388,0.3271939328277356,0.764622197061799
008_MSL_id_7_Sensor_tr_656_1st_1630.csv,4.239497423171997,0.805351882928526,0.9262146041172259,0.7957430043333514,0.9627168751791516,0.8284911893128224,0.950354609929078,0.6666666666666662,0.5820105820105821,0.9697417059879662
009_MSL_id_8_Sensor_tr_714_1st_1390.csv,5.0106189250946045,0.003863235609729171,0.0014949189552364202,0.007309486124233719,0.1175270754734271,0.01459839522760942,0.014659685863874346,0.013913043478260856,0.013619983513099959,0.6665331671243139
010_MSL_id_9_Sensor_tr_554_1st_1172.csv,3.339831590652466,0.025525633556904008,0.4309772488057647,0.040057478501120514,0.5624660039023724,0.06278793350616052,0.304635761589404,0.062274368231046866,0.1579295154185022,0.6741885042126915
012_MSL_id_11_Sensor_tr_539_1st_940.csv,3.0633416175842285,0.9496335442054957,0.9921514779215147,0.9953793576250388,0.9995812201677937,0.9117597063903513,1.0,0.9999999999999996,0.9158832205546237,0.9988874279356725
013_MSL_id_12_Sensor_tr_554_1st_1200.csv,3.1556975841522217,0.010792926188230289,0.4696799550814149,0.06612615388538594,0.7997798177844302,0.03792814724027689,0.06153846153846154,0.03701067615658359,0.049082998822200324,0.7869691160407113
014_MSL_id_13_Sensor_tr_1525_1st_4575.csv,28.319762229919434,0.08313536562007115,0.8467431877304943,0.09855312507114174,0.86038502119748,0.21219036582469003,0.7225548902195609,0.211819777647747,0.5085990681574087,0.8799175427138557
015_MSL_id_14_Sensor_tr_575_1st_1250.csv,3.1868937015533447,0.2855629105595582,0.7388574880269233,0.2908647504177852,0.7443302429178589,0.4134681586479778,0.9725363489499192,0.6368159203980095,0.3980424143556281,0.8378032756100191
016_MSL_id_15_Sensor_tr_500_1st_780.csv,1.4063525199890137,0.8430484929769999,0.9706554878048781,0.7892786255323083,0.9668818576043556,0.7751146430117066,0.8818897637795275,0.8453608247422674,0.6183206106870229,0.9592283484183566
017_MSL_id_16_Sensor_tr_512_1st_1850.csv,2.8023247718811035,0.04886984959900871,0.041264921267760615,0.05428947043687294,0.05019511652826282,0.1649939282918065,0.16907986921999066,0.16499544211485853,0.6252158894645942,0.6699586338267607
018_Daphnet_id_1_HumanActivity_tr_9693_1st_20732.csv,1.1276602745056152,0.0958412394667984,0.7267714588445991,0.11207882577471796,0.7262441590320892,0.2503914248563827,0.30308207925346653,0.25020343948353474,0.4958485306447261,0.8331397228079876
019_MITDB_id_1_Medical_tr_37500_1st_103211.csv,0.9587910175323486,0.14492887108764976,0.5846402756227906,0.1459660362529016,0.5862304553769203,0.26660294776589577,0.9332998996990973,0.2933672422986994,0.2524146886290924,0.7525713261603126
020_MITDB_id_2_Medical_tr_50000_1st_52315.csv,4.283466815948486,0.002157851406433289,0.5757652634835324,0.002390139805929058,0.597237920813103,0.0071276590672887455,0.06101198851803906,0.0071566913883508824,0.008997180612683425,0.6666871736121002
021_MITDB_id_3_Medical_tr_50000_1st_57595.csv,3.2999837398529053,0.059934282664891717,0.5730081740610071,0.02966095450965166,0.6309080763400433,0.0721495151152774,0.5113530851692412,0.4960159362549796,0.18292472072370644,0.7749772916540311
022_MITDB_id_4_Medical_tr_50000_1st_54253.csv,2.028377056121826,0.07767441198941735,0.5085640891223706,0.06900497323508845,0.5361638800022127,0.10624632070965336,0.6627084180561204,0.42655571635311096,0.17650337729729074,0.8013374868627655
024_MITDB_id_6_Medical_tr_50000_1st_58118.csv,1.2954869270324707,0.0014784364512898298,0.43296159931911554,0.0016187303760988613,0.45579340060210893,0.004810945229097656,0.009631913558350842,0.00475761471418882,0.009534593744354808,0.9006457730688475
025_MITDB_id_7_Medical_tr_37500_1st_88864.csv,0.9026730060577393,0.044079887492071805,0.6554660958573361,0.04919992160481014,0.6904651850168589,0.11292973597174867,0.46087661325519047,0.12928727803454135,0.10962366261367577,0.8299577972830052
026_MITDB_id_8_Medical_tr_30495_1st_30595.csv,2.671323299407959,0.07687133252722968,0.5437431906013324,0.07785138982975257,0.5428001210147763,0.14705098565448277,0.5618412561841256,0.19024842591722432,0.1532424479340672,0.7483994409160449
027_MITDB_id_9_Medical_tr_25000_1st_52255.csv,0.6066765785217285,0.1051820271371809,0.7322871776130135,0.03497586007352375,0.7565608036702443,0.18420749715253168,1.0,0.9999999999999996,0.3660377358490566,0.9989721316384469
029_MITDB_id_11_Medical_tr_50000_1st_518037.csv,3.947883129119873,0.05307173925520042,0.8074604023640379,0.05205009091081699,0.8359685624788934,0.1401722160043946,0.674893945237177,0.15794898222107687,0.1714502696234628,0.9487799027999392
030_MITDB_id_12_Medical_tr_50000_1st_84572.csv,4.057882070541382,0.06759298703493825,0.5999227278744924,0.07848176159259798,0.655219329320094,0.11198693400511815,0.5057610463305768,0.20551549314979306,0.13088073822885943,0.7060581261972898
031_MITDB_id_13_Medical_tr_50000_1st_79433.csv,3.025644063949585,0.024223510985353403,0.5095367200292064,0.03058926915455772,0.5768415318262743,0.0454723954963277,0.1785263566644015,0.0632575891437252,0.0721061000447335,0.6772213166147966
032_GHL_id_1_Sensor_tr_50000_1st_65001.csv,29.834656476974487,0.009667219072719417,0.4649003551345704,0.009202887828846817,0.34341250455337446,0.03360567540465776,0.07004894827358116,0.033328558468223204,0.0460711831424016,0.6667303419138326
033_GHL_id_2_Sensor_tr_50000_1st_51001.csv,29.542956829071045,0.007412369458357279,0.4407324488625028,0.00791732444044829,0.4537660299163317,0.022431024068752727,0.0555119045443748,0.021803286429313413,0.02386585111729447,0.6668531876774628
034_GHL_id_3_Sensor_tr_50000_1st_122001.csv,29.66044569015503,0.009966469430829428,0.5582775581768714,0.010571581578232092,0.571206713983624,0.028423018449528527,0.06284591452431636,0.02855095378385446,0.029713018138677612,0.6667151237487271
035_GHL_id_4_Sensor_tr_50000_1st_90001.csv,29.582777500152588,0.009805059384037088,0.37441175618198097,0.011138991965061969,0.3482387652123963,0.027066667040066283,0.0623855263341862,0.027049392809427877,0.036920258838791055,0.7757378386890582
036_GHL_id_5_Sensor_tr_50000_1st_67147.csv,29.68077778816223,0.009654389521767361,0.439609459039334,0.010227594180205456,0.45172816845097963,0.03332984241070192,0.048944677293142815,0.03307617081386501,0.01924181228148371,0.666737440322857
037_GHL_id_6_Sensor_tr_50000_1st_80001.csv,29.610400438308716,0.011587146666265646,0.6352765313612675,0.01235241547190478,0.6461820702133634,0.03290624708494363,0.07694686707490567,0.03263293197974866,0.02977858462324293,0.6814217176469122
038_GHL_id_7_Sensor_tr_50000_1st_100001.csv,29.608128547668457,0.006965061611352951,0.42839373683893134,0.007728437502175667,0.4504273648268353,0.022380491862486678,0.056070129010916306,0.02241324030108247,0.048842335787456594,0.6666969922669274
039_GHL_id_8_Sensor_tr_50000_1st_63030.csv,29.54752254486084,0.0033735895559554785,0.19798886089372586,0.0035413681992899375,0.21480310195353658,0.012328420480518205,0.04461165326661956,0.012221216576071305,0.011367175334786673,0.6942425069782893
041_GHL_id_10_Sensor_tr_50000_1st_57001.csv,29.594686031341553,0.0062184036984151035,0.3287234442255449,0.006915029920449103,0.29800627385853345,0.018469014277375406,0.05584520102172924,0.01842535249040241,0.022802929427430094,0.6668315154848716
042_GHL_id_11_Sensor_tr_50000_1st_150001.csv,29.465663194656372,0.005793968653475423,0.38733415179480113,0.0060441528020696925,0.39875130444618195,0.018061834705367017,0.03567678585851593,0.01801381913939152,0.024178539591185624,0.6667107450702602
043_GHL_id_12_Sensor_tr_39938_1st_40038.csv,29.367878675460815,0.022929926630899752,0.8953257360419079,0.02465886780280777,0.8956692648678116,0.07694513710252317,0.11625463193407444,0.07484706729039214,0.05846889269406392,0.7136115820712224
044_GHL_id_13_Sensor_tr_50000_1st_145001.csv,29.487770080566406,0.012108788040177045,0.556540869216198,0.011484203020001459,0.43752101923845577,0.04485073033412461,0.08221510796267284,0.043432889528607334,0.04127259580621837,0.6667127795111968
045_GHL_id_14_Sensor_tr_50000_1st_85076.csv,29.485332012176514,0.020204604145363358,0.8061495619632962,0.02354540996388785,0.7888433860918244,0.058832729092276416,0.14118895966029724,0.05703979258257236,0.05075065274151436,0.6719398550151194
046_GHL_id_15_Sensor_tr_50000_1st_156462.csv,29.431596040725708,0.6835045950145044,0.9963854873450355,0.5496339144880408,0.9964267808110917,0.6294128421902639,1.0,0.9999999999999996,0.6063417423905446,0.9983222081933906
047_GHL_id_16_Sensor_tr_50000_1st_77001.csv,29.47139573097229,0.01195583541770667,0.4806086171904058,0.012953860088621838,0.4986811290964546,0.030481963040574673,0.09800439224672969,0.030551845676036603,0.034468342365144435,0.7809304873068372
048_GHL_id_17_Sensor_tr_50000_1st_154001.csv,29.640984058380127,0.02624405960568462,0.6955626285472222,0.028882508655439145,0.6924702668250291,0.0708307640080138,0.13026063100137175,0.06948344400030824,0.039464470959514185,0.8259637653046622
050_GHL_id_19_Sensor_tr_43750_1st_55001.csv,25.800740957260132,0.022373301968164498,0.8707065124233802,0.023725444288399573,0.8722846023549289,0.0617321846290071,0.13085303662494205,0.06127045288036245,0.05852708986698389,0.7122137722979893
051_GHL_id_20_Sensor_tr_50000_1st_75110.csv,29.784444570541382,0.004012648114346521,0.32880789311010084,0.0041729708900258775,0.33905427190525944,0.013009439502660203,0.03066110596231078,0.012954664114166362,0.013789155348162338,0.7064815495267235
052_GHL_id_21_Sensor_tr_50000_1st_98001.csv,29.657742261886597,0.004039625673788458,0.45590300392537175,0.004209963499854901,0.46612678902459215,0.011161193423728993,0.03101196084380639,0.011124688739278785,0.0417823102906689,0.6666762596607922
053_GHL_id_22_Sensor_tr_50000_1st_126448.csv,29.577030420303345,0.02707785636154962,0.45512074029923993,0.02912083278038457,0.4566699999362343,0.0814104938646003,0.11719765027261723,0.08040082522841135,0.03523845570608472,0.8175306317126732
054_GHL_id_23_Sensor_tr_50000_1st_135001.csv,29.590485334396362,0.028619256326223114,0.6237501978171909,0.026585728903335607,0.6116958677079329,0.0989680718040415,0.19409749088095501,0.10544597444485769,0.11169963124371438,0.7244491519425
055_GHL_id_24_Sensor_tr_50000_1st_118124.csv,29.539162397384644,0.006928377362264022,0.6663563995839328,0.007260499619849545,0.6742201585572468,0.022717837274536,0.06372765742436683,0.022382039833214015,0.020192317313561272,0.7167763423160055
056_GHL_id_25_Sensor_tr_50000_1st_105568.csv,29.520875930786133,0.018920145305255813,0.6084042389639186,0.02306219449269447,0.5797240137901617,0.06036358917514819,0.1023014891988934,0.05698912383733313,0.04896046268135813,0.776767579555482
057_SMD_id_1_Facility_tr_4529_1st_4629.csv,16.7582368850708,0.46070805153343075,0.9600030569673355,0.3911008334833907,0.9111910195126973,0.49450067735642966,0.7246376811594203,0.5548037889039237,0.51430767836958,0.8755487822653848
058_SMD_id_2_Facility_tr_1087_1st_1187.csv,18.668968677520752,0.40827060154463923,0.9120073708656606,0.4570269038729776,0.916320284677724,0.5148659297692777,0.7914262159934048,0.5735294117647053,0.4559043446752619,0.8204573273536864
059_SMD_id_3_Facility_tr_757_1st_857.csv,16.556763887405396,0.5377559617310085,0.9854605887637738,0.43354089135118984,0.9438545395456129,0.6856191252915841,0.7486818980667839,0.47250952640174154,0.4531195559444275,0.9064378495394324
060_SMD_id_4_Facility_tr_7176_1st_10609.csv,18.648069381713867,0.2668400688492609,0.7078908920851137,0.0910925702054424,0.6147321671878108,0.38661398158981386,0.8348993288590604,0.33333333333333304,0.1710185838626206,0.7408647273932356
061_SMD_id_5_Facility_tr_7176_1st_15144.csv,18.681612730026245,0.4898680942807541,0.8422526794437345,0.3967260056104502,0.8486061349481814,0.49024418215821797,0.7916303400174368,0.6545454545454541,0.4611059679696598,0.8065103126667855
063_SMD_id_7_Facility_tr_5923_1st_6506.csv,16.7203369140625,0.37067354176032374,0.7924326492387227,0.4129476951402044,0.8728503220417979,0.40849415183486876,0.8227228207639569,0.404121563813562,0.41376025332822075,0.8090900405977062
064_SMD_id_8_Facility_tr_2272_1st_2372.csv,15.531890630722046,0.19448574813624853,0.7293823706627662,0.17610141694463727,0.6844545075734924,0.352426071397357,0.36298292902066487,0.3153813011632912,0.3973245989135795,0.698188308617617
065_SMD_id_9_Facility_tr_737_1st_837.csv,16.662375688552856,0.22361974106340596,0.6842562433967208,0.2657405364491705,0.6539620393069338,0.30498153931381183,0.8627090608344055,0.5046478000413132,0.49142866580128886,0.7151484734887369
066_SMD_id_10_Facility_tr_2634_1st_2734.csv,16.41225266456604,0.6741992120119947,0.9495194853718304,0.5153637126160328,0.9338431523416433,0.6172344589177255,0.9228224917309813,0.6359699111009796,0.5300459132995783,0.810065469891174
067_SMD_id_11_Facility_tr_1980_1st_2080.csv,16.143533945083618,0.05648026040638826,0.6175846037021566,0.06270910590891064,0.47130261563958553,0.14309957386941985,0.670404485382459,0.1386240836975598,0.28386818983388246,0.7034040758204644
068_SMD_id_12_Facility_tr_1099_1st_1199.csv,18.666733503341675,0.740272502771519,0.9474744517746388,0.5185090848036278,0.9044998079705238,0.7315491720013134,0.8423005565862709,0.7509529860228712,0.6946885084896695,0.854942034958261
069_SMD_id_13_Facility_tr_5925_1st_12760.csv,16.70230507850647,0.11751676298876462,0.4956828001036805,0.19316309204549287,0.6092340026835557,0.2215227069340604,0.5866607182690163,0.26129849353419515,0.4759356806410887,0.8285140347050999
070_SMD_id_14_Facility_tr_1070_1st_1170.csv,18.819103479385376,0.34704347245160616,0.8749948364555565,0.2183742763120903,0.8715189740838032,0.4512780618951544,0.4664310954063604,0.3930434782608692,0.3798589687086822,0.7050259567483421
071_SMD_id_15_Facility_tr_1109_1st_1209.csv,18.836023330688477,0.7883822950475058,0.9789290379949721,0.5686703319507331,0.927898355276292,0.7657607939793801,0.9228295819935691,0.8015999999999994,0.7063333340492768,0.8552817758741849
073_SMD_id_17_Facility_tr_5926_1st_10620.csv,16.657145500183105,0.16925430709797906,0.9714369228162332,0.15499507236075535,0.9295546342269853,0.33455582290753527,0.3364140480591497,0.31138153185397244,0.3978180667051899,0.8297656248190394
074_SMD_id_18_Facility_tr_7174_1st_21230.csv,18.725756883621216,0.834219920461945,0.9691211717143361,0.7923783414990432,0.9804730367617975,0.8695602182376742,0.9552238805970149,0.7682119205298008,0.7275766290119734,0.9763298913580237
075_SMD_id_19_Facility_tr_564_1st_664.csv,16.703683853149414,0.7157458570857985,0.9428874615844933,0.23015618391065554,0.783994413211481,0.7932330071451652,0.8448753462603878,0.1874476987447694,0.17099143962466049,0.7157457739277279
076_SMD_id_20_Facility_tr_5925_1st_17580.csv,16.544594764709473,0.9610012979964806,0.9997591195542682,0.9260153936121768,0.9997068680087555,0.9226311331044978,1.0,0.9999999999999996,0.9226361031518625,0.999630578651076
077_SMD_id_21_Facility_tr_3026_1st_3126.csv,15.794399738311768,0.14602067213591813,0.7351129894357697,0.2078525596311894,0.7276406678656873,0.34120038673315306,0.3823814133591481,0.31392405063291096,0.4505244166956152,0.6775722882995351
078_SMD_id_22_Facility_tr_500_1st_326.csv,16.559186458587646,0.3739123205286385,0.8313461009157093,0.1791886876693207,0.46058755118950223,0.5840267891954384,0.702263989747971,0.32228405516573877,0.274268458947323,0.6705313619156227
079_LTDB_id_1_Medical_tr_3618_1st_3718.csv,0.6022260189056396,0.7797212817703608,0.8959655674935361,0.8288597789016808,0.9500807112573858,0.7593755434331529,0.9583777304208844,0.9361468895587827,0.5242918794410665,0.9391116373093115
080_LTDB_id_2_Medical_tr_500_1st_266.csv,0.9126806259155273,0.52417284642523,0.8162683134813258,0.5618818473990786,0.871282818156951,0.4915616855211744,0.863469156762875,0.7914191618575696,0.35660113629474544,0.8461548671245214
081_LTDB_id_3_Medical_tr_500_1st_26.csv,0.5830812454223633,0.26612812027815674,0.4299123356331458,0.29980208744073317,0.48390047619839005,0.49001690014861904,0.7891754488163957,0.49778336300485176,0.3915104319471905,0.7728325962758344
083_LTDB_id_5_Medical_tr_15502_1st_15602.csv,0.6109869480133057,0.0025943291558700636,0.07936335922149429,0.003196470114776477,0.05127119281033568,0.010049151294450082,0.02335858585858586,0.010029551356675909,0.22120518349836307,0.6934005554947746
084_SVDB_id_1_Medical_tr_12973_1st_13073.csv,1.4400243759155273,0.03500420680043681,0.4741186079192038,0.02039683839284944,0.5693129931549763,0.04206549786013245,0.4554585152838428,0.41379310344827547,0.11872228603206626,0.6747473920963907
085_SVDB_id_2_Medical_tr_50000_1st_54982.csv,1.439955234527588,0.029684400822141962,0.4298641573688715,0.04031514142544356,0.5175042975901756,0.07239333765443023,0.19941591502338923,0.07240408651696391,0.07961433199576752,0.6778203043382268
086_SVDB_id_3_Medical_tr_533_1st_633.csv,1.4407644271850586,0.07650789754563404,0.3206169303508925,0.09020266378281729,0.43049281472022227,0.13078788518259565,0.33946747944102595,0.2230615235382737,0.37203397665808263,0.6766296689637451
087_SVDB_id_4_Medical_tr_5421_1st_5521.csv,1.43648099899292,0.03412436433414214,0.19769202596177096,0.04464560730307787,0.31045542529192977,0.10547669318062015,0.2432479934383971,0.14459724950884048,0.30698622921652013,0.6695002311705213
088_SVDB_id_5_Medical_tr_500_1st_168.csv,1.4110291004180908,0.1780425687225356,0.5670271281034284,0.19080740571643828,0.6231372399766455,0.20861820360582464,0.8401672899471133,0.5793928879314202,0.2649137458352455,0.7629416816491638
089_SVDB_id_6_Medical_tr_50000_1st_83083.csv,1.4741835594177246,0.027144731161185036,0.4225855493014038,0.023830223729043226,0.45860468575084573,0.07694835440953326,0.8803580650714409,0.3612197028928845,0.16355684429911269,0.6745184907326667
091_SVDB_id_8_Medical_tr_500_1st_126.csv,1.406935453414917,0.07500010270614785,0.5077204110539035,0.08811783951693926,0.5570175857158892,0.15958759748089604,0.5223564711870764,0.16133331275116658,0.1642723158285137,0.6853866942254417
092_SVDB_id_9_Medical_tr_2674_1st_2774.csv,1.4088726043701172,0.048901328652295115,0.5120000761771408,0.053857832450226344,0.5453795031927053,0.12109410407088254,0.31853247827324865,0.13226452905811573,0.17120826713591386,0.695862045835642
093_SVDB_id_10_Medical_tr_500_1st_37.csv,1.397082805633545,0.7069209479442806,0.9149292861815735,0.7676702927407733,0.9587333958982392,0.6637311427670786,0.8882288828337874,0.8489732649707346,0.5361122213029128,0.918342879923755
094_SVDB_id_11_Medical_tr_20100_1st_23611.csv,0.45633530616760254,0.0102240598351714,0.47606692284308544,0.013069777725640441,0.5488515959148433,0.02466977960004091,0.2754777070063694,0.024733616739358442,0.038331025139871674,0.8217536121114526
095_SVDB_id_12_Medical_tr_6264_1st_6364.csv,1.4142155647277832,0.03858968820839087,0.45962170372910127,0.039612624304232555,0.5470153413744504,0.0670949603150741,0.36692377871775733,0.12499999999999988,0.0848594013460772,0.6712218399133073
096_SVDB_id_13_Medical_tr_500_1st_444.csv,1.4168434143066406,0.05067048122003952,0.4729936180929911,0.04389232267332551,0.5573632912448797,0.06822391744995683,0.31938306905814057,0.19633754955635238,0.07119720266488859,0.6689288550132925
097_SVDB_id_14_Medical_tr_1031_1st_1131.csv,1.396923303604126,0.08249946350750123,0.29739370105765894,0.10175090829128397,0.38971149146499257,0.21525899261115314,0.4742403491777176,0.2152548346740926,0.23860508409763706,0.6798077682368009
098_SVDB_id_15_Medical_tr_500_1st_303.csv,1.5081510543823242,0.48135893097321614,0.6998481988515042,0.39804305828515163,0.7659250852438602,0.5441666420078144,0.6311252268602541,0.6227002887206847,0.5076026113915326,0.7312949651266886
099_SVDB_id_16_Medical_tr_1115_1st_1215.csv,1.4735662937164307,0.18412675365013656,0.6098520193587226,0.20440957952234454,0.6875371731553567,0.22396579861348492,0.5342592592592592,0.4475613282870825,0.500225798381391,0.690364841667922
100_SVDB_id_17_Medical_tr_17803_1st_17903.csv,0.7715296745300293,0.026967505772260696,0.4788097151413833,0.034507893079484805,0.553915649838228,0.06601701335166117,0.19695991548799813,0.09498680738786232,0.06395050032713145,0.6949745883575541
101_SVDB_id_18_Medical_tr_1851_1st_1951.csv,1.423227071762085,0.04834160244770873,0.2278686655012767,0.05709185607778435,0.3028433710155686,0.13064274934526093,0.3179031606769208,0.13063691683569967,0.3026996450070371,0.673192704239405
102_SVDB_id_19_Medical_tr_50000_1st_107354.csv,1.4864492416381836,0.0658500574261082,0.5657640082295486,0.06740617242824266,0.5726388718935292,0.14258122141187943,0.7946246693624396,0.1632603783998205,0.159837458694853,0.7231379976637291
103_SVDB_id_20_Medical_tr_12167_1st_12267.csv,1.5189335346221924,0.03367146736338657,0.569655363395527,0.05163410895069484,0.6645884806809447,0.07820974460213506,0.5493684397793986,0.20277568085476988,0.08658859882462412,0.7590252995659851
104_SVDB_id_21_Medical_tr_50000_1st_106634.csv,1.4141011238098145,0.017213125217628196,0.47862480760758636,0.01961249664721345,0.5454104506034698,0.040399169192833546,0.5994047619047619,0.16122840690978837,0.07053266607632051,0.6987733344170042
105_SVDB_id_22_Medical_tr_500_1st_417.csv,0.8623511791229248,0.17353020672412076,0.5776432744577364,0.18979229651866128,0.6580460118715274,0.18906132559673478,0.8359788359788359,0.789995831596498,0.30979931074172873,0.8122392286702975
106_SVDB_id_23_Medical_tr_37500_1st_121963.csv,0.8868398666381836,0.0051486392189193046,0.42246007014808673,0.004602904789605073,0.44009942713716815,0.0168272311357353,0.9904761904761905,0.1333333333333332,0.22295081967213112,0.6709256773140885
108_SVDB_id_25_Medical_tr_1238_1st_1338.csv,1.495593786239624,0.03837743215682578,0.6006882262704674,0.043896422032305156,0.6491571378017008,0.10546312201365184,0.2206893596966646,0.10792269530485618,0.06464748518537645,0.6940617787797801
109_SVDB_id_26_Medical_tr_1038_1st_1138.csv,1.409426212310791,0.10420431931528483,0.527514929680962,0.1359504483491254,0.5930220924291513,0.1720560812345694,0.3590024975403012,0.17893528632384031,0.18061307774039123,0.6896779126318238
110_SVDB_id_27_Medical_tr_30824_1st_30924.csv,1.4091999530792236,0.05181936933327081,0.5996522441288158,0.06314007292618337,0.6419486514726283,0.10676082052767766,0.22533742686670916,0.13705583756345135,0.07552166957061,0.6876467528255982
111_SVDB_id_28_Medical_tr_1791_1st_1891.csv,1.4380543231964111,0.07426833601477101,0.20274387001504188,0.09016797520602925,0.3281702791945552,0.17445877500744608,0.5158624823393415,0.2026416405978445,0.4734975565292054,0.6740541887536886
112_SVDB_id_29_Medical_tr_8226_1st_8326.csv,1.4424889087677002,0.01291268385362337,0.5095020407846,0.019498796760301796,0.6045480718751175,0.03258390402733547,0.3136729222520107,0.056074766355139916,0.03543618976109664,0.7070400555856629
114_SVDB_id_31_Medical_tr_25000_1st_63090.csv,0.5872268676757812,0.004700598332191197,0.48880788626111615,0.005277763810565227,0.524855018448449,0.010747523153572414,0.21510495563730794,0.010815487778498799,0.016387736895650137,0.6676878957974096
115_PSM_id_1_Facility_tr_50000_1st_129872.csv,49.72349262237549,0.1793429998429945,0.6485793220394996,0.16958385400414522,0.513963696824601,0.2708959733114809,0.6932194495213623,0.26109873038476794,0.18559863874508983,0.7079952292761749
116_TAO_id_1_Environment_tr_500_1st_3.csv,0.09160161018371582,0.0460128955994161,0.49883185661368606,0.6300723391952822,0.9000778251479131,0.0973879246404912,0.09582689335394126,0.0957528151710921,0.08587787113933303,0.6714010465836225
117_TAO_id_2_Environment_tr_500_1st_1.csv,0.08949875831604004,0.13470597526064787,0.4965630551546467,0.6515132217285298,0.7817292086802996,0.24539004235325423,0.24486571879936808,0.24486571879936783,0.18047613515989183,0.6863104005691222
118_TAO_id_3_Environment_tr_500_1st_7.csv,0.08915972709655762,0.04640849633511666,0.5063041593707345,0.2893680843806788,0.6066176424518437,0.09933243291646487,0.09802465468587554,0.097715211521152,0.107614068032149,0.6717654462785609
119_TAO_id_4_Environment_tr_500_1st_1.csv,0.08918976783752441,0.08669598677076762,0.48188109699981596,0.8904662872461776,0.9505623309501526,0.17291489297555335,0.17269736842105263,0.17269736842105246,0.13141627884078122,0.6781415140412773
121_TAO_id_6_Environment_tr_500_1st_7.csv,0.08915209770202637,0.13645780096671956,0.48943618600316124,0.8063174665425984,0.8864715105814177,0.24757105318438133,0.2470196353436185,0.24701963534361826,0.17201113875951285,0.68665620987973
122_TAO_id_7_Environment_tr_500_1st_19.csv,0.0892634391784668,0.08983360611470009,0.4969765056466995,0.6505890279380612,0.8300031641355925,0.17542042208322242,0.1735386970247776,0.17338334654991305,0.11643559682845184,0.6785056212806344
123_TAO_id_8_Environment_tr_500_1st_62.csv,0.08778905868530273,0.04414781699077002,0.4858120229293924,0.5871461051251003,0.8989681657187687,0.09531032362359967,0.0950317735413056,0.09462217236370661,0.06997035773087787,0.6718590336167022
124_TAO_id_9_Environment_tr_500_1st_1.csv,0.09188270568847656,0.04785101825146066,0.515020304735277,0.7086378494083772,0.9033514429628701,0.09707852589684182,0.09684538491496819,0.09680811304636693,0.07803269559709909,0.6721275847843744
125_TAO_id_10_Environment_tr_500_1st_9.csv,0.09059333801269531,0.08755184211741227,0.48778591016176454,0.937429397579066,0.9759020126592228,0.17245966165101773,0.17234848484848486,0.1721963257471893,0.150430170176375,0.6795212177461671
127_TAO_id_12_Environment_tr_500_1st_24.csv,0.08882904052734375,0.04447504693616441,0.489565905163307,0.6082512125599322,0.8936017147520897,0.09601393070473228,0.0949919224555735,0.09493709903460053,0.06900944429316273,0.6709107234523068
128_TAO_id_13_Environment_tr_500_1st_7.csv,0.0877220630645752,0.13645780096671956,0.48943618600316124,0.8063174665425984,0.8864715105814177,0.24757105318438133,0.2470196353436185,0.24701963534361826,0.17201113875951285,0.68665620987973
129_OPPORTUNITY_id_1_HumanActivity_tr_1801_1st_1901.csv,1697.2950303554535,0.09001304440048458,0.838233255487852,0.10214399411728507,0.8443873588754421,0.23941435789299828,0.4564735675846787,0.2691312384473195,0.2545773649847025,0.6670548451318051
130_OPPORTUNITY_id_2_HumanActivity_tr_1045_1st_1145.csv,53.90562677383423,0.20580674573662627,0.7974186478341603,0.2168593146438512,0.8003240076797755,0.43145935768995003,0.938938938938939,0.5806451612903222,0.4251943519260407,0.8613226029324451
132_OPPORTUNITY_id_4_HumanActivity_tr_895_1st_995.csv,174.78886318206787,0.08639911955694034,0.7645875892620829,0.0941173477268888,0.7726732581303121,0.2617650790250171,0.4858569051580699,0.26216545012165426,0.25398129288916566,0.6737311881009096
133_OPPORTUNITY_id_5_HumanActivity_tr_1745_1st_6500.csv,95.03624248504639,0.9398369066212444,0.9955455128205128,0.9352106029448659,0.9954246143189611,0.9039498484104352,1.0,0.9999999999999996,0.6651785714285714,0.9944733398804806
134_OPPORTUNITY_id_6_HumanActivity_tr_1477_1st_1577.csv,938.7147958278656,0.05083876815550532,0.8101009273462558,0.053831656570494324,0.8120288326222393,0.14291332677299437,0.2286634460547504,0.1418122714343761,0.15318665078373045,0.6704812718356863
135_OPPORTUNITY_id_7_HumanActivity_tr_2085_1st_2185.csv,1428.1924333572388,0.04316598958228773,0.5881649973452545,0.05204378309627837,0.5242294432673608,0.12123622277471063,0.19270752521334367,0.11849244757295768,0.1387282667095751,0.6674731643897924
136_OPPORTUNITY_id_8_HumanActivity_tr_1495_1st_1595.csv,1893.5824036598206,0.04991698888361101,0.7418652900091102,0.05496101008717776,0.745095877778599,0.1494151660588689,0.3277399056109072,0.17767106842737065,0.13701585823491383,0.7377378882691641
137_CreditCard_id_1_Finance_tr_500_1st_541.csv,79.96120190620422,0.003997065340635873,0.6048081331981917,0.030155208818609166,0.6107972011874415,0.03658046855011387,0.03614457831325301,0.028306655433866394,0.014875709532198083,0.6697988148473539
138_CATSv2_id_1_Sensor_tr_16568_1st_16668.csv,12.66273808479309,0.04430075685714812,0.7417906326530612,0.0481962319878644,0.7526112014793749,0.11706446972082268,0.321853878339234,0.1259290422100686,0.2670275969510534,0.8726431057222248
139_CATSv2_id_2_Sensor_tr_5592_1st_5692.csv,24.665072441101074,0.03900614295529598,0.5649542503056038,0.04289482329922714,0.5226924185648056,0.08412683526662558,0.28507896687382406,0.09666815470151356,0.12697754021871036,0.6698963320774176
141_CATSv2_id_4_Sensor_tr_41727_1st_41827.csv,24.659378051757812,0.19299236015188637,0.6737283429985031,0.10491836844370028,0.6056280956627692,0.22375346215497258,0.5626697710516104,0.3561040105773463,0.23361058550316668,0.7194904850987356
142_CATSv2_id_5_Sensor_tr_30704_1st_30804.csv,46.295286655426025,0.07219410403928903,0.5775380965430499,0.07335729754753403,0.5721321595375293,0.13830227384506277,0.4740373395565928,0.1977222424802622,0.20182694230800446,0.6733240919941671
143_CATSv2_id_6_Sensor_tr_50000_1st_60232.csv,25.376262187957764,0.030518589536115925,0.6377793354591836,0.03388578901752329,0.6344176226800158,0.07753038805257191,0.1960015680125441,0.08434917518918392,0.15899054701853538,0.6671955244511724
144_SMAP_id_1_Sensor_tr_2052_1st_5300.csv,3.9965429306030273,0.2433105546509247,0.36589136594019767,0.24391966753026004,0.3734507049518971,0.2819705718204162,1.0,0.9999999999999996,0.4408901251738525,0.9560323851227823
145_SMAP_id_2_Sensor_tr_2133_1st_5400.csv,4.028412818908691,0.3332425253326964,0.7841946929631136,0.3404234657713589,0.8097575818507448,0.3887340243094244,1.0,0.9999999999999996,0.4944417593040116,0.9851664118971883
146_SMAP_id_3_Sensor_tr_2128_1st_5000.csv,4.038408041000366,0.4458439262326395,0.8769799616844804,0.3507578003046337,0.8731598904774699,0.5952330953379401,0.9053803339517625,0.6666666666666662,0.38767480445603225,0.8060719141889601
147_SMAP_id_4_Sensor_tr_2160_1st_6449.csv,4.144011735916138,0.01465337191294188,0.5184356989092926,0.01770911239108671,0.5744617984550391,0.052004283135414796,0.11490978157644824,0.05109489051094885,0.08047122791119167,0.7604283905693422
148_SMAP_id_5_Sensor_tr_2011_1st_5060.csv,3.7510766983032227,0.005577388198422668,0.2504756369648974,0.010445619608678295,0.4171085876309046,0.01749828619074046,0.039686975964225824,0.017256255392579793,0.022636337398304174,0.6987746269215491
150_SMAP_id_7_Sensor_tr_2077_1st_5394.csv,4.185845851898193,0.3815342973262056,0.7642075057985975,0.39541737407671895,0.77817182523628,0.5092800236687891,1.0,0.9999999999999996,0.640369135090403,0.9926173329818799
151_SMAP_id_8_Sensor_tr_1971_1st_4870.csv,3.867169141769409,0.1133578872007616,0.9549983149880625,0.13311409450728645,0.956572406287708,0.23332984588545827,0.627906976744186,0.292682926829268,0.36619718309859156,0.9246784816282728
152_SMAP_id_9_Sensor_tr_2073_1st_5600.csv,4.280791282653809,0.18808042163854824,0.5669219284868361,0.29958020922524603,0.612725310366452,0.3632145230693272,0.9786585365853658,0.8644067796610164,0.5047113277469373,0.982603891893738
153_SMAP_id_10_Sensor_tr_1840_1st_4030.csv,3.7182698249816895,0.010348665379965177,0.7265926962548315,0.030798745420680698,0.8538820417626781,0.035680010877402184,0.09172259507829977,0.03613369467027999,0.12223667100130037,0.685492806742614
154_SMAP_id_11_Sensor_tr_2117_1st_4770.csv,4.014653921127319,0.007610144012374862,0.06255865709409292,0.008431581874881836,0.07050632363761125,0.028527362317807732,0.0314244903259317,0.028504122497055327,0.1391103858346654,0.7657784846413486
155_SMAP_id_12_Sensor_tr_1907_1st_4800.csv,3.8060009479522705,0.06347341220536863,0.950425306720286,0.07207325110037435,0.9512256982131932,0.14955873355482593,0.4788732394366197,0.14942528735632168,0.276707530647986,0.927713033718131
156_SMAP_id_13_Sensor_tr_1173_1st_2750.csv,2.616985321044922,0.005629476004198401,0.049019607843137254,0.011809382256202898,0.2825108413082185,0.021500630475424068,0.05115346038114343,0.02108814846056514,0.024254117344413836,0.7368223020887534
157_SMAP_id_14_Sensor_tr_2126_1st_5000.csv,4.047152757644653,0.48187605092842245,0.8446749548184656,0.3634973420183363,0.8549309519207231,0.6113771249795681,0.9139966273187183,0.6666666666666662,0.39647165547977414,0.7975443197083205
158_SMAP_id_15_Sensor_tr_2075_1st_5610.csv,4.363465070724487,0.9156858204487981,0.9989842559674962,0.953946210417373,0.9996296935296358,0.8780438072857528,1.0,0.9999999999999996,0.8299407996107372,0.9994651830672763
159_SMAP_id_16_Sensor_tr_1757_1st_2650.csv,3.4423744678497314,0.8913529102529995,0.9961058485122091,0.9065991305315028,0.9969197138347077,0.8619479096521879,0.9727767695099818,0.9397590361445778,0.8699901667011515,0.9962816942694214
160_SMAP_id_17_Sensor_tr_1832_1st_5300.csv,3.7258005142211914,0.18218212989615856,0.7909361314626098,0.19088648921901888,0.8075274834709067,0.3009037893980604,0.8212648945921174,0.487684729064039,0.34146341463414637,0.6905481795936992
161_SMAP_id_18_Sensor_tr_2075_1st_5550.csv,4.234848737716675,0.3680113649346572,0.6997854737761668,0.3704446423810246,0.7388062180325713,0.49031887952845776,1.0,0.9999999999999996,0.629976580796253,0.9914321981761682
162_SMAP_id_19_Sensor_tr_1908_1st_4690.csv,3.7060348987579346,0.18305500426024657,0.9914357618479741,0.5867700634952032,0.9968243579098907,0.4769194449980727,0.47692307692307695,0.47692307692307656,0.47692307692307695,0.9970611425704246
163_SMAP_id_20_Sensor_tr_2051_1st_4575.csv,4.0878283977508545,0.021547863967491362,0.5024444632170637,0.023619984323811325,0.5345589263572429,0.055122883806820955,0.27761194029850744,0.05744336569579281,0.178636949382575,0.7637249219605807
165_SMAP_id_22_Sensor_tr_2129_1st_5000.csv,4.17999267578125,0.3214196971150686,0.6897248912504819,0.24870992605232392,0.694195375102096,0.43914217807195216,0.9685279187817258,0.6666666666666662,0.3045548302196462,0.7873033786987133
166_SMAP_id_23_Sensor_tr_1113_1st_1890.csv,3.271620035171509,0.4572322041644019,0.9953618733830131,0.5278171677695,0.9957655082155925,0.7522888848032874,0.845360824742268,0.7522935779816508,0.7522935779816513,0.9969708214500812
167_SMAP_id_24_Sensor_tr_2094_1st_5600.csv,4.211954832077026,0.8352445665326103,0.9988177974161264,0.9448560044993268,0.9997918512716246,0.7575710514525591,1.0,0.9999999999999996,0.7536076964190273,0.9993181460566108
168_SMAP_id_25_Sensor_tr_1998_1st_2098.csv,3.9177958965301514,0.13501730561962222,0.8879567289017791,0.1796055302627434,0.9348888582670263,0.4047303211238744,0.4289044289044289,0.41105769230769196,0.7096477956913216,0.7606858650050629
169_SMAP_id_26_Sensor_tr_1811_1st_4510.csv,3.59769344329834,0.08559825762326348,0.934670279195385,0.11342113292868296,0.9368107305652691,0.25714061634605756,0.2571428571428571,0.2571428571428569,0.5765124555160143,0.3430235446793308
170_SMAP_id_27_Sensor_tr_2160_1st_4690.csv,4.29180121421814,0.040909813383189726,0.8577591363839515,0.052012049029030234,0.8984216920017924,0.10290325305987266,0.3313840155945419,0.10674157303370774,0.2297000731528895,0.7941171609234137
171_SWaT_id_1_Sensor_tr_3749_1st_9522.csv,54.979440450668335,0.26432821442644294,0.7275437671695721,0.29115730244102983,0.6744051583245929,0.4394545980839301,0.5714285714285714,0.46061002653869887,0.40596241413340917,0.8265613451858005
172_SWaT_id_2_Sensor_tr_23700_1st_23800.csv,274.31390595436096,0.7417171109085282,0.8696955379471987,0.43981235300220217,0.7396824405115757,0.7742034138612163,0.8394527771674396,0.4792792490499873,0.24604191163046737,0.7230599607682964
173_GECCO_id_1_Sensor_tr_16165_1st_16265.csv,3.1927411556243896,0.11469761971255481,0.6808327810088063,0.036038856474116705,0.5601547575450824,0.14704493441785801,0.26102481699696484,0.11169180229953661,0.1102793209201757,0.6702123434129705
174_Exathlon_id_1_Facility_tr_10766_1st_12590.csv,6.695865154266357,0.20962480164430403,0.753405416139127,0.21409448288079466,0.7542838513248242,0.51562113099629,0.591943385955362,0.5158707187650744,0.47510068346990025,0.8348038553633079
175_Exathlon_id_2_Facility_tr_10684_1st_10784.csv,1.0180091857910156,0.9918688361690917,0.9933400557700294,0.9918537848340379,0.9944075255961526,0.9795263782571451,1.0,0.9999999999999996,0.9836976074185251,0.9998965935828823
176_Exathlon_id_3_Facility_tr_10766_1st_12590.csv,15.87024474143982,0.8325500414208186,0.9826941614757319,0.862794836210466,0.9867684184345783,0.9178559002326345,0.9936038011695907,0.9394277220364171,0.9256462194306394,0.9929149765207647
177_Exathlon_id_4_Facility_tr_11665_1st_13484.csv,7.109896659851074,0.15220518397133287,0.8270064289370077,0.16485308079347685,0.8238749303216183,0.33242256606521814,0.5473946784922394,0.33075379764975604,0.4530339643025711,0.8295533419295915
179_Exathlon_id_6_Facility_tr_11665_1st_13484.csv,16.64168381690979,0.29799943266546874,0.9166368651783167,0.3468379242596259,0.9255436255439641,0.585484782748495,0.6864376978079944,0.6119439071566727,0.7228289951846383,0.8807256385174801
180_Exathlon_id_7_Facility_tr_10766_1st_12590.csv,15.943040370941162,0.8325500414208186,0.9826941614757319,0.862794836210466,0.9867684184345783,0.9178559002326345,0.9936038011695907,0.9394277220364171,0.9256462194306394,0.9929149765207647
181_Exathlon_id_8_Facility_tr_11663_1st_13482.csv,3.9913907051086426,0.14621458255091246,0.8256239068728888,0.15689789708449475,0.8192999425003191,0.347481400858521,0.46174328451719004,0.35659562613177287,0.5838021097627407,0.7943166056445895
182_Exathlon_id_9_Facility_tr_10766_1st_12590.csv,15.934680223464966,0.8325500414208186,0.9826941614757319,0.862794836210466,0.9867684184345783,0.9178559002326345,0.9936038011695907,0.9394277220364171,0.9256462194306394,0.9929149765207647
183_Exathlon_id_10_Facility_tr_11665_1st_13484.csv,7.173388719558716,0.15220518397133287,0.8270064289370077,0.16485308079347685,0.8238749303216183,0.33242256606521814,0.5473946784922394,0.33075379764975604,0.4530339643025711,0.8295533419295915
184_Exathlon_id_11_Facility_tr_11665_1st_13484.csv,7.108015775680542,0.15220518397133287,0.8270064289370077,0.16485308079347685,0.8238749303216183,0.33242256606521814,0.5473946784922394,0.33075379764975604,0.4530339643025711,0.8295533419295915
185_Exathlon_id_12_Facility_tr_11665_1st_13484.csv,7.2035722732543945,0.15220518397133287,0.8270064289370077,0.16485308079347685,0.8238749303216183,0.33242256606521814,0.5473946784922394,0.33075379764975604,0.4530339643025711,0.8295533419295915
186_Exathlon_id_13_Facility_tr_10766_1st_12590.csv,16.0068519115448,0.8325500414208186,0.9826941614757319,0.862794836210466,0.9867684184345783,0.9178559002326345,0.9936038011695907,0.9394277220364171,0.9256462194306394,0.9929149765207647
187_Exathlon_id_14_Facility_tr_6193_1st_6293.csv,6.200176239013672,0.9941453732596505,0.9985916754544107,0.9979076508892607,0.999726166656795,0.9720034579897968,1.0,0.9999999999999996,0.8697677583824968,0.9993456794276594
188_Exathlon_id_15_Facility_tr_12538_1st_12638.csv,19.070453643798828,0.5851412191133597,0.9374057841355693,0.5837695930103844,0.933385209651864,0.6942524517070026,0.7887841312599486,0.728989202973251,0.5370026303935286,0.9243395722695267
189_Exathlon_id_16_Facility_tr_11663_1st_13482.csv,3.979857921600342,0.14621458255091246,0.8256239068728888,0.15689789708449475,0.8192999425003191,0.347481400858521,0.46174328451719004,0.35659562613177287,0.5838021097627407,0.7943166056445895
190_Exathlon_id_17_Facility_tr_12538_1st_12638.csv,19.088101387023926,0.5851412191133597,0.9374057841355693,0.5837695930103844,0.933385209651864,0.6942524517070026,0.7887841312599486,0.728989202973251,0.5370026303935286,0.9243395722695267
191_Exathlon_id_18_Facility_tr_11665_1st_13484.csv,7.136847496032715,0.15220518397133287,0.8270064289370077,0.16485308079347685,0.8238749303216183,0.33242256606521814,0.5473946784922394,0.33075379764975604,0.4530339643025711,0.8295533419295915
192_Exathlon_id_19_Facility_tr_11665_1st_13484.csv,7.093824863433838,0.15220518397133287,0.8270064289370077,0.16485308079347685,0.8238749303216183,0.33242256606521814,0.5473946784922394,0.33075379764975604,0.4530339643025711,0.8295533419295915
193_Exathlon_id_20_Facility_tr_8898_1st_8998.csv,1.229551076889038,0.9252548280566025,0.9899834512063209,0.9284077195709762,0.9912122287187636,0.9653351797487572,1.0,0.9999999999999996,0.869037165172602,0.9908124504281797
194_Exathlon_id_21_Facility_tr_6985_1st_7085.csv,4.042787075042725,0.6677650552299484,0.9564668048388324,0.696026702752112,0.9618793482468506,0.7194128974196163,0.9945724526369688,0.9768659973810558,0.8047962350772072,0.9806032491256916
196_Exathlon_id_23_Facility_tr_11665_1st_13484.csv,7.176273345947266,0.15220518397133287,0.8270064289370077,0.16485308079347685,0.8238749303216183,0.33242256606521814,0.5473946784922394,0.33075379764975604,0.4530339643025711,0.8295533419295915
197_Exathlon_id_24_Facility_tr_10766_1st_12590.csv,15.954282999038696,0.8325500414208186,0.9826941614757319,0.862794836210466,0.9867684184345783,0.9178559002326345,0.9936038011695907,0.9394277220364171,0.9256462194306394,0.9929149765207647
198_Exathlon_id_25_Facility_tr_12538_1st_12638.csv,19.067285299301147,0.5851412191133597,0.9374057841355693,0.5837695930103844,0.933385209651864,0.6942524517070026,0.7887841312599486,0.728989202973251,0.5370026303935286,0.9243395722695267
199_Exathlon_id_26_Facility_tr_12538_1st_12638.csv,19.035374879837036,0.5851412191133597,0.9374057841355693,0.5837695930103844,0.933385209651864,0.6942524517070026,0.7887841312599486,0.728989202973251,0.5370026303935286,0.9243395722695267
200_Exathlon_id_27_Facility_tr_10766_1st_12590.csv,15.95250153541565,0.8325500414208186,0.9826941614757319,0.862794836210466,0.9867684184345783,0.9178559002326345,0.9936038011695907,0.9394277220364171,0.9256462194306394,0.9929149765207647
