Value,Label
-0.3551959034847189,0.0
-0.3237579802868345,0.0
-0.38467757249580464,0.0
-0.3985295556246242,0.0
-0.4150900418174744,0.0
-0.42312976986381606,0.0
-0.45045332449670955,0.0
-0.5267211244576894,0.0
-0.47140512647197463,0.0
-0.4698282765136011,0.0
-0.5036681035224702,0.0
-0.5339152832620933,0.0
-0.5722101708343392,0.0
-0.5171208913466034,0.0
-0.4835981033201774,0.0
-0.5749902282383307,0.0
-0.5152256677433614,0.0
-0.4664662346767389,0.0
-0.5086181563783373,0.0
-0.5831556141287123,0.0
-0.6143456663999011,0.0
-0.48859910356095815,0.0
-0.6423440570421903,0.0
-0.6008687730918876,0.0
-0.5325254143041277,0.0
-0.5077649674658907,0.0
-0.630265745597271,0.0
-0.6512587042404054,0.0
-0.6572219122201638,0.0
-0.595400480846005,0.0
-0.6841433302478214,0.0
-0.602462854349164,0.0
-0.6421224795256492,0.0
-0.5840482434939527,0.0
-0.5925309832314324,0.0
-0.6150754173322494,0.0
-0.7170653734572352,0.0
-0.7076233283176468,0.0
-0.734857497149115,0.0
-0.7398667830546635,0.0
-0.7498324852870959,0.0
-0.6445186514759547,0.0
-0.7027586592260572,0.0
-0.770119453262402,0.0
-0.6627819516917172,0.0
-0.7796240370854869,0.0
-0.7822520292104314,0.0
-0.8150713880387903,0.0
-0.758058768042869,0.0
-0.7269967203391128,0.0
-0.8282354535673054,0.0
-0.782377858912971,0.0
-0.8468986797848462,0.0
-0.785044372812529,0.0
-0.8139027574086344,0.0
-0.7432587762405777,0.0
-0.8719542314319757,0.0
-0.8153252572578887,0.0
-0.7834367887330865,0.0
-0.7958089917685841,0.0
-0.8510484945588884,0.0
-0.9191861229385027,0.0
-0.879818992835525,0.0
-0.8127313311449362,0.0
-0.8176621706122416,0.0
-0.9274519649807785,0.0
-0.9471849598396013,0.0
-0.8960199655668876,0.0
-0.9280994666143625,0.0
-0.8859357106402392,0.0
-0.7776752562668443,0.0
-0.9316262494978932,0.0
-0.8806194902385921,0.0
-0.8990363554191226,0.0
-0.8740953418258878,0.0
-0.8916095643679949,0.0
-0.9940580676636237,0.0
-0.9198954297142428,0.0
-0.9448625774891369,0.0
-0.8723120595182237,0.0
-0.9039665697284806,0.0
-0.9925560024296187,0.0
-0.9256484062884954,0.0
-0.8761813789613708,0.0
-0.9038502627818845,0.0
-0.8315557274467719,0.0
-0.9788794959874816,0.0
-0.9950887894934045,0.0
-0.965188104687034,0.0
-1.0409767652178281,0.0
-0.9428745470496837,0.0
-0.9629136134108226,0.0
-0.9149542848132655,0.0
-0.9669268688123224,0.0
-0.9985561567292114,0.0
-0.9565547584367325,0.0
-0.9320801737265535,0.0
-0.981898047630693,0.0
-0.9484724578036526,0.0
-0.9356247331419828,0.0
-1.1078986810394493,0.0
-0.9603373651839007,0.0
-0.9549185755510572,0.0
-0.9937048537651334,0.0
-0.9659103507925766,0.0
-0.9601600189558264,0.0
-1.057985864727823,0.0
-1.0410768949302194,0.0
-0.9276891457933024,0.0
-0.9818043629047961,0.0
-1.0168388762927048,0.0
-0.9071353931398332,0.0
-0.942034666277713,0.0
-1.0646207377696848,0.0
-1.018612999323014,0.0
-1.0681671339717373,0.0
-0.9265565433932865,0.0
-0.9614921809854606,0.0
-0.992200153006397,0.0
-1.1159804931348252,0.0
-0.9223974288447714,0.0
-0.9733155229012396,0.0
-1.055369576387051,0.0
-0.9164295705997592,0.0
-0.9668082107024845,0.0
-1.0604104194552288,0.0
-1.0764835967556128,0.0
-1.0498431553887502,0.0
-1.0491842739989157,0.0
-1.0564167060476377,0.0
-1.0333691915416292,0.0
-0.9934005102953682,0.0
-1.024709898432995,0.0
-0.9998356855552679,0.0
-1.0684436721542085,0.0
-1.0331435622657286,0.0
-0.8599269651365677,0.0
-0.9495416037221336,0.0
-1.0287057873060306,0.0
-1.0325629532408347,0.0
-0.9615213182505923,0.0
-0.9702533850289999,0.0
-1.0024399662190078,0.0
-0.9852201281917259,0.0
-1.0216471988331157,0.0
-0.9489033286384735,0.0
-1.043169739224145,0.0
-0.9556783983885248,0.0
-0.934574568036381,0.0
-1.029262076140961,0.0
-0.9911410246883612,0.0
-0.9704759880393369,0.0
-0.8955733328370606,0.0
-0.929298504085466,0.0
-0.913494724801695,0.0
-0.9766080552471648,0.0
-0.8803610305368675,0.0
-0.9377605279797191,0.0
-0.9577519159359071,0.0
-1.06954709635608,0.0
-0.9069901974963349,0.0
-0.8527588494273814,0.0
-0.874208308764074,0.0
-0.8047302201963109,0.0
-0.972182944881838,0.0
-0.8440143138302971,0.0
-0.8579740975985817,0.0
-0.9015989995762268,0.0
-0.9215959232806851,0.0
-0.815897532145897,0.0
-0.8790775462098716,0.0
-0.901520408161389,0.0
-0.8192254553532743,0.0
-0.9053400179065408,0.0
-0.9330960202418804,0.0
-0.8610329206372178,0.0
-0.8869271125553625,0.0
-0.847198324931629,0.0
-0.9597958397702512,0.0
-0.8887254205536917,0.0
-0.9146994030295156,0.0
-0.8211776829454832,0.0
-0.8508346977345279,0.0
-0.6959711837903522,0.0
-0.8080424506654325,0.0
-0.824669264543646,0.0
-0.781238603017688,0.0
-0.6966319067697962,0.0
-0.7121230155682161,0.0
-0.7801677066661924,0.0
-0.8151964890003142,0.0
-0.822427191443171,0.0
-0.7161749218724348,0.0
-0.8771557406972978,0.0
-0.814337409952319,0.0
-0.7044445388045731,0.0
-0.7165219826526172,0.0
-0.7496611315027706,0.0
-0.7932535597108873,0.0
-0.772403080245047,0.0
-0.7379965584778823,0.0
-0.8251835878116172,0.0
-0.6858791689951611,0.0
-0.6817846407406274,0.0
-0.7605255556450083,0.0
-0.6442769867305429,0.0
-0.7490171823170078,0.0
-0.6214528811275599,0.0
-0.6183504474017832,0.0
-0.6941948145361011,0.0
-0.691108357278433,0.0
-0.7044239901045981,0.0
-0.677032131049065,0.0
-0.7151985898888585,0.0
-0.7167230340845135,0.0
-0.6329343209929154,0.0
-0.6344227487774519,0.0
-0.5606087576228898,0.0
-0.5804895728583814,0.0
-0.47618880338238356,0.0
-0.5237070592385902,0.0
-0.5847573748952959,0.0
-0.58892243607529,0.0
-0.4774730058464994,0.0
-0.6162201052659687,0.0
-0.5323281547628798,0.0
-0.4794240285911509,0.0
-0.5520628190646599,0.0
-0.4538664127513027,0.0
-0.4728035897202419,0.0
-0.5840109054009128,0.0
-0.505005454447753,0.0
-0.4597293219719999,0.0
-0.5076894940100828,0.0
-0.5214485388591691,0.0
-0.46682823745618557,0.0
-0.4759049323386363,0.0
-0.4174573933667615,0.0
-0.44624084248776824,0.0
-0.3407599123313617,0.0
-0.46104650584805207,0.0
-0.3859570208083058,0.0
-0.44462995273970074,0.0
-0.44791231710532303,0.0
-0.34053347777176424,0.0
-0.3837851412485397,0.0
-0.3991039264348377,0.0
-0.403723876472606,0.0
-0.3536093316088474,0.0
-0.34327504801685405,0.0
-0.21552220135639433,0.0
-0.3827300810874615,0.0
-0.30004590089441024,0.0
-0.21978558337704737,0.0
-0.25548201425889966,0.0
-0.19188686740487088,0.0
-0.27981221184111305,0.0
-0.2684801806633008,0.0
-0.2186855321934039,0.0
-0.265045357065419,0.0
-0.2650088273595451,0.0
-0.20564799619353044,0.0
-0.2296708150493464,0.0
-0.15461750250180584,0.0
-0.2337718233332027,0.0
-0.2778573506108522,0.0
-0.0832548272765939,0.0
-0.13266856081954082,0.0
-0.044305890987048735,0.0
-0.06946069114848533,0.0
-0.18160994280591133,0.0
-0.17934468643450308,0.0
-0.07371143198062728,0.0
-0.16743251480033094,0.0
-0.15451282143637135,0.0
-0.04595269364420244,0.0
-0.1585168840719703,0.0
-0.029337775821418027,0.0
-0.14467709674559787,0.0
-0.07096933121299732,0.0
0.02627229345486746,0.0
-0.014050151097652707,0.0
0.016672871328503445,0.0
-0.00268248235839608,0.0
-0.10438744459892871,0.0
-0.006727097807914221,0.0
0.03867994713397874,0.0
0.1021366199047492,0.0
0.0634185077244675,0.0
0.0287598443475737,0.0
-0.031997200683643916,0.0
0.07900804424513229,0.0
0.07481258259641799,0.0
0.024061225130166744,0.0
0.18183034544502039,0.0
0.10705687394267105,0.0
0.009876539750125077,0.0
0.0575061547390648,0.0
0.15962621266754604,0.0
0.12892823590925961,0.0
0.14932745097973077,0.0
0.12950917534022804,0.0
0.16146332551042,0.0
0.2048391193396801,0.0
0.09291354001486637,0.0
0.17308226549640404,0.0
0.1781626026505761,0.0
0.21920946868459545,0.0
0.15703960175647394,0.0
0.26741808870637973,0.0
0.2951889732549018,0.0
0.28582162226896485,0.0
0.2836335724494892,0.0
0.2749985656695124,0.0
0.27648211541654966,0.0
0.2821358569838238,0.0
0.26234359297590903,0.0
0.4558460774214319,0.0
0.38701435361838477,0.0
0.27889001084802956,0.0
0.33154665364677793,0.0
0.32615898632700335,0.0
0.3283046865769562,0.0
0.4316867147369812,0.0
0.42281011189382484,0.0
0.3325037597354181,0.0
0.4248248888200659,0.0
0.430785735304829,0.0
0.37310168866960514,0.0
0.3538313404653105,0.0
0.4054884079443236,0.0
0.3846854448942674,0.0
0.5141740297791854,0.0
0.4765396860355154,0.0
0.4770579590207855,0.0
0.5341849344828521,0.0
0.5281269054369652,0.0
0.4354255658176878,0.0
0.3609589584810911,0.0
0.45142272263656297,0.0
0.5090073434462645,0.0
0.5373007493118835,0.0
0.533365249960567,0.0
0.5801562442768373,0.0
0.42621675108473417,0.0
0.399028026379903,0.0
0.6048327347501792,0.0
0.49901826924342696,0.0
0.5898717177622935,0.0
0.6280113257729883,0.0
0.6394018825506523,0.0
0.6063294222604886,0.0
0.6152850531685995,0.0
0.5993627890481641,0.0
0.5250525940554437,0.0
0.6312097552074339,0.0
0.5887863118336543,0.0
0.652715706660927,0.0
0.5905490340251409,0.0
0.7024179378551856,0.0
0.6841721136592466,0.0
0.6930281949729576,0.0
0.7395601913033825,0.0
0.6602951332180075,0.0
0.7784982937217515,0.0
0.6251768361230032,0.0
0.7274459579898362,0.0
0.7588727128408096,0.0
0.7145186613192049,0.0
0.7508183953275541,0.0
0.7635916000346288,0.0
0.6676463158059105,0.0
0.8064534052464352,0.0
0.7530259924789793,0.0
0.7672042617917793,0.0
0.7657781231310248,0.0
0.7855345245328329,0.0
0.7858288138117494,0.0
0.7382035679288703,0.0
0.7268112043927097,0.0
0.7941233725086292,0.0
0.719817020681491,0.0
0.7666740790052455,0.0
0.7818520984149658,0.0
0.8552405172761883,0.0
0.9191484537697464,0.0
0.7578551640939146,0.0
0.8905404664801473,0.0
0.7232467322385451,0.0
0.8179345667748276,0.0
0.8920681949051171,0.0
0.8598938558493028,0.0
0.8432088436621351,0.0
0.8369258392636372,0.0
0.8738722527873368,0.0
0.9772820592731508,0.0
0.7866092965520791,0.0
0.9074194843442994,0.0
0.8254720270242821,0.0
0.8744230723781491,0.0
0.9259417352273849,0.0
0.870446805314225,0.0
0.9530235354069115,0.0
0.8916652845587126,0.0
0.9135057983138525,0.0
0.989913879088945,0.0
0.9645987464387192,0.0
0.9731912161353156,0.0
0.9827986953285885,0.0
1.0365429139187459,0.0
0.8974910894754035,0.0
0.851325078409231,0.0
0.911466950603718,0.0
1.0132484603252103,0.0
0.8864103765643493,0.0
1.0154451808300557,0.0
0.9564558941044564,0.0
0.9405484262893987,0.0
0.9217559284597279,0.0
1.0357442578324412,0.0
1.01599239298148,0.0
0.9542573863242003,0.0
0.9637979666114249,0.0
0.9777349381338395,0.0
1.0336780312256089,0.0
1.053841165857986,0.0
0.9937278507041871,0.0
0.9478442694906686,0.0
1.01279601081976,0.0
0.9039545652742766,0.0
1.0331401750498368,0.0
0.9772934728170212,0.0
0.9284721579393739,0.0
0.9574427384573059,0.0
1.0324365001123565,0.0
1.017015380981073,0.0
1.063048216813348,0.0
0.9256401665764591,0.0
0.9730693478379241,0.0
1.0523712063022037,0.0
1.0158769017164508,0.0
0.8850490083347708,0.0
1.0419660877731274,0.0
1.0229607913799061,0.0
1.0960243936183547,0.0
0.90848690529464,0.0
1.0490472627096328,0.0
0.9914406974451977,0.0
0.9731499505913138,0.0
0.9705540596760033,0.0
1.0451450955246402,0.0
0.9864865589369018,0.0
0.9769501557910168,0.0
0.9640325820058354,0.0
0.9867987023132937,0.0
0.9983128809265017,0.0
1.0036211237508725,0.0
0.9981845604834835,0.0
1.0275892342187993,0.0
1.0228373670550455,0.0
1.0414200551547492,0.0
1.000313758057527,0.0
0.9686594903872117,0.0
1.0173326464312065,0.0
0.9952229735324537,0.0
0.9149934486574605,0.0
0.9894335371018932,0.0
0.9693514032346886,0.0
0.9740392264680953,0.0
1.0263537598440526,0.0
1.0115037844202537,0.0
1.0531878363013214,0.0
1.1399294197117023,0.0
1.011743076633357,0.0
0.9567197076384867,0.0
0.9239965541390782,0.0
1.0016000997743093,0.0
0.9545639471321555,0.0
0.943829430006088,0.0
0.9508592285967186,0.0
0.9352163741344456,0.0
0.8504777086773934,0.0
0.8821798782564367,0.0
1.0097068677011722,0.0
0.9713018857912534,0.0
0.9869535419411734,0.0
0.9870446351021586,0.0
0.9448160008971656,0.0
0.9616913082256521,0.0
0.9221510789034753,0.0
0.9335339858052789,0.0
0.8755855880768953,0.0
0.9140474560741623,0.0
0.8787665499931169,0.0
0.7902653441567155,0.0
0.8178100260791776,0.0
0.8299912488999525,0.0
0.9145617601739809,0.0
0.7949176348479011,0.0
0.940937890003459,0.0
0.8376567859040037,0.0
0.8882722508686465,0.0
0.8684802111847955,0.0
0.8307653712175534,0.0
0.9676864282585067,0.0
0.8435269775852565,0.0
0.8232891828601981,0.0
0.7810348310572424,0.0
0.7285630797483904,0.0
0.7317061438215275,0.0
0.7427474248037635,0.0
0.8198324320728785,0.0
0.7076252263294625,0.0
0.7996774083779835,0.0
0.7703285858563873,0.0
0.7348654501069676,0.0
0.7347219315494974,0.0
0.7455543856600678,0.0
0.778111756292033,0.0
0.6913882192602654,0.0
0.7540145935224158,0.0
0.6820991168243475,0.0
0.694776457193666,0.0
0.7948151019340243,0.0
0.7782066819445342,0.0
0.688442065076989,0.0
0.7222735124367129,0.0
0.7576290992506717,0.0
0.766241018674785,0.0
0.7053105400372686,0.0
0.6938812356828304,0.0
0.6966414567705904,0.0
0.6804361208499117,0.0
0.6853780777610741,0.0
0.667841758330166,0.0
0.641558966165692,0.0
0.6541926854793135,0.0
0.6394257355239152,0.0
0.6400190983040311,0.0
0.5354696981120997,0.0
0.6530047413885929,0.0
0.5223320875331047,0.0
0.6163183912016638,0.0
0.550451124254615,0.0
0.5474841095215697,0.0
0.5446300537632115,0.0
0.5486769817352626,0.0
0.516449628935293,0.0
0.5885470918885504,0.0
0.5248318190666464,0.0
0.4819490066618885,0.0
0.5838312873998267,0.0
0.47315979792206453,0.0
0.4458974856361299,0.0
0.4107852439556271,0.0
0.46585688526093066,0.0
0.41540809848698396,0.0
0.44436693325581345,0.0
0.4867526199297443,0.0
0.4578815175996097,0.0
0.476996109388075,0.0
0.4406338254764286,0.0
0.46055001421287084,0.0
0.5100429418566845,0.0
0.4921617581782096,0.0
0.4502015978355111,0.0
0.41967738386734976,0.0
0.4797685034185388,0.0
0.3880799258533832,0.0
0.35991224250509257,0.0
0.4143171395166975,0.0
0.3199186012943729,0.0
0.34493272464011493,0.0
0.29211716160122225,0.0
0.28218600456058573,0.0
0.3240502998520525,0.0
0.30351978878926794,0.0
0.24889737985299237,0.0
0.35368052857263627,0.0
0.33013318029582667,0.0
0.23913603407184897,0.0
0.2939442458183678,0.0
0.26125071415820955,0.0
0.27178661404957993,0.0
0.2534994579271887,0.0
0.2397490662031018,0.0
0.1450168838207082,0.0
0.17536070365669415,0.0
0.18239686382935974,0.0
0.2210875541263176,0.0
0.1678900447858149,0.0
0.21167419272515714,0.0
0.16986124340365916,0.0
0.13127660591018184,0.0
0.07280302840674348,0.0
0.13654530425309164,0.0
0.15127746629648656,0.0
0.05388189159947779,0.0
0.005498320932627768,0.0
0.07938934984970349,0.0
0.0733888584858084,0.0
-0.03899014071056485,0.0
0.10835007211258968,0.0
0.050374997215151096,0.0
0.04948486708501194,0.0
0.03019168501181029,0.0
0.10443643812143952,0.0
0.029064067923655148,0.0
0.005336151268313254,0.0
-0.02277142457878903,0.0
-0.044273118577649456,0.0
-0.013762418355523843,0.0
-0.07854651213974534,0.0
-0.06844845741332861,0.0
-0.10424826616184084,0.0
0.010659592139102059,0.0
-0.08317871525943962,0.0
-0.03862419100306735,0.0
-0.05484055603660476,0.0
0.003767791426871142,0.0
-0.10732967196417693,0.0
-0.17340346168941684,0.0
-0.18002213902330294,0.0
-0.1602871152115305,0.0
-0.09871666423299343,0.0
-0.16559315494193028,0.0
-0.19428032553320507,0.0
-0.10236186024722763,0.0
-0.16161059478475998,0.0
-0.06376966134938528,0.0
-0.2040175840820051,0.0
-0.26112197202310383,0.0
-0.1445291443607259,0.0
-0.251394558907656,0.0
-0.21465514590442797,0.0
-0.25291115162429556,0.0
-0.29064721497623874,0.0
-0.29053775059317366,0.0
-0.35210240228668205,0.0
-0.28841108513730296,0.0
-0.31339985391013364,0.0
-0.3557561989897139,0.0
-0.344055977236871,0.0
-0.34225182954322836,0.0
-0.4391706537268204,0.0
-0.30135490808628024,0.0
-0.32489399617496256,0.0
-0.25542139575622247,0.0
-0.4126731452172844,0.0
-0.3525903365320861,0.0
-0.3252562713438333,0.0
-0.4282999564334863,0.0
-0.43675094791103664,0.0
-0.39020939805394966,0.0
-0.46501886524914865,0.0
-0.479991841037111,0.0
-0.5628606795576525,0.0
-0.487573164954749,0.0
-0.44333483247221367,0.0
-0.44760453758038415,0.0
-0.48380968068324687,0.0
-0.49070968869535975,0.0
-0.4939032721507479,0.0
-0.46302017225742026,0.0
-0.5190110314569858,0.0
-0.4982689357659777,0.0
-0.60604118346491,0.0
-0.46114978536159895,0.0
-0.5506932754271802,0.0
-0.5051751823058938,0.0
-0.6132140494392868,0.0
-0.5187095426301528,0.0
-0.5562667441362351,0.0
-0.4768762412247207,0.0
-0.6010540958385324,0.0
-0.5882142629110398,0.0
-0.5880591379884211,0.0
-0.5591060485358263,0.0
-0.5968536076556739,0.0
-0.6082795629700621,0.0
-0.6518015667607883,0.0
-0.65035390927758,0.0
-0.6347200427654938,0.0
-0.6569334832389109,0.0
-0.6974548948562186,0.0
-0.5753069843115021,0.0
-0.6528508924367942,0.0
-0.697585798840393,0.0
-0.6713565239967819,0.0
-0.6509322636888589,0.0
-0.7440775734542731,0.0
-0.6638618314981357,0.0
-0.7308873520705835,0.0
-0.8115924168846872,0.0
-0.6870312195088287,0.0
-0.7411651171345609,0.0
-0.7082536628854113,0.0
-0.6566192128113852,0.0
-0.77184812484213,0.0
-0.8073012267935172,0.0
-0.7178392131609168,0.0
-0.8932456071858861,0.0
-0.7673412338375772,0.0
-0.7565723962793587,0.0
-0.8150763311538051,0.0
-0.8482036827990008,0.0
-0.7903310018835639,0.0
-0.8574595841006799,0.0
-0.8565075960941015,0.0
-0.8444289297885049,0.0
-0.9721885737141444,0.0
-0.7962949224415001,0.0
-0.8174453922861735,0.0
-0.8028932438120506,0.0
-0.9123576900033749,0.0
-0.8918827436591679,0.0
-0.786098500641747,0.0
-0.9004115375545586,0.0
-0.8039935446063413,0.0
-0.9468591505080567,0.0
-0.8437839611579078,0.0
-0.8795119554467302,0.0
-0.8849044720254924,0.0
-0.8100134166409455,0.0
-0.8729958071266782,0.0
-0.9261253585586078,0.0
-0.8790851125285634,0.0
-0.9336388780187167,0.0
-0.9057554262969417,0.0
-0.9236940055506453,0.0
-0.918407575868068,0.0
-0.9467715455608623,0.0
-0.9762581361245725,0.0
-0.9735470976485566,0.0
-0.9240394840123389,0.0
-0.9397590611594258,0.0
-0.8725029358621078,0.0
-0.969828947669232,0.0
-1.073153096256138,0.0
-0.9881364105410403,0.0
-0.973502148591623,0.0
-0.881909559896269,0.0
-0.9472564541123532,0.0
-1.0591631083386874,0.0
-0.8012410501517786,0.0
-0.9242457336052303,0.0
-0.9309790433423222,0.0
-0.9761506263165364,0.0
-0.9318384305966707,0.0
-0.9402430148693326,0.0
-1.0695381190795539,0.0
-0.9106970761708173,0.0
-1.001405409569302,0.0
-0.969621633487021,0.0
-1.0755982432523061,0.0
-0.8790268727629895,0.0
-1.0138465234125291,0.0
-0.9395091936404777,0.0
-1.0032961154544344,0.0
-0.9539909007577575,0.0
-0.9302902268371287,0.0
-1.0114357916074126,0.0
-0.9961212223958803,0.0
-0.9732321937173797,0.0
-0.9335240494243019,0.0
-1.0431148376561576,0.0
-1.100015012360365,0.0
-0.9953659610681053,0.0
-0.9451037914569158,0.0
-1.0103919365540863,0.0
-0.981085574393944,0.0
-0.9600442080124146,0.0
-0.9674335048178788,0.0
-0.8738863884814897,0.0
-1.0044419222418228,0.0
-1.0491752861585255,0.0
-1.0458682795657346,0.0
-1.0035098609386237,0.0
-0.9431850334721785,0.0
-1.0056704241247365,0.0
-1.0289648475728292,0.0
-0.9853467750633058,0.0
-1.077076739015984,0.0
-0.9706524210276406,0.0
-1.0320486344828819,0.0
-1.007024795756939,0.0
-1.0290006552687894,0.0
-1.056503772254674,0.0
-0.9927399192515439,0.0
-0.9249711603625954,0.0
-1.0144576449738716,0.0
-0.9736855553697593,0.0
-0.9405433581344396,0.0
-0.9168025515894717,0.0
-0.9312015286315052,0.0
-1.0094174509738536,0.0
-1.0184565820459754,0.0
-1.0597926655771208,0.0
-1.0036138194662376,0.0
-0.9619740777547207,0.0
-0.9559463340247341,0.0
-1.0306422970100408,0.0
-0.9792455109110866,0.0
-0.937932933021566,0.0
-0.9733981290438909,0.0
-0.9443823728448714,0.0
-0.9252724654369274,0.0
-0.8887075545848501,0.0
-1.0375118778106316,0.0
-0.9007957381309291,0.0
-0.9308056211888905,0.0
-0.9347984850431624,0.0
-0.9116159113384285,0.0
-0.887591264186919,0.0
-0.9233501357321011,0.0
-0.8540086059560882,0.0
-0.8861876625866644,0.0
-0.878359757518764,0.0
-0.8935654794880065,0.0
-0.9263556750903229,0.0
-0.8678291162877461,0.0
-0.8888782061843962,0.0
-0.8569792715254559,0.0
-0.8398015514194945,0.0
-0.8350349251626901,0.0
-0.879130675979984,0.0
-0.8807142260018977,0.0
-0.7840515011251207,0.0
-0.9049828316511319,0.0
-0.8394373369998543,0.0
-0.8279228249765102,0.0
-0.7969289627137686,0.0
-0.782633303420317,0.0
-0.8270496873538643,0.0
-0.7961677739918261,0.0
-0.8089258892779447,0.0
-0.7535098037803696,0.0
-0.852835543725658,0.0
-0.7419869536538825,0.0
-0.8635510818899317,0.0
-0.7600501646143745,0.0
-0.7555751668869854,0.0
-0.7595179402102961,0.0
-0.6990626673232521,0.0
-0.7813979430874316,0.0
-0.691289361951589,0.0
-0.71948110355434,0.0
-0.7019636748176635,0.0
-0.7029196893516162,0.0
-0.6680507497724053,0.0
-0.6722261588555842,0.0
-0.7539845644425612,0.0
-0.6554308765064869,0.0
-0.8155834694299926,0.0
-0.8059892984283588,0.0
-0.7229761493092475,0.0
-0.6499962491054289,0.0
-0.7018953655255236,0.0
-0.6375596583312639,0.0
-0.6079852776669757,0.0
-0.7100038165381007,0.0
-0.6168181090025643,0.0
-0.6482077126201673,0.0
-0.6318846970832191,0.0
-0.6508485845905438,0.0
-0.6098353910257086,0.0
-0.5878653866245284,0.0
-0.6010094105008303,0.0
-0.5661970868615257,0.0
-0.6319527596164282,0.0
-0.5416977731354552,0.0
-0.5423622386414992,0.0
-0.5769852138947265,0.0
-0.6293844785362147,0.0
-0.5470657706262909,0.0
-0.6131356052362754,0.0
-0.49873828309905316,0.0
-0.5106199985839118,0.0
-0.48202571311263553,0.0
-0.507578305023115,0.0
-0.5282822787127162,0.0
-0.4507741701125415,0.0
-0.38010997583646716,0.0
-0.4813319232357857,0.0
-0.44437615147241943,0.0
-0.48713194414273975,0.0
-0.47804899138215917,0.0
-0.41645150152447136,0.0
-0.5064439469715246,0.0
-0.4430823995578843,0.0
-0.3437272571092646,0.0
-0.376021814543211,0.0
-0.39125716741640154,0.0
-0.34426228664035147,0.0
-0.42490115161611985,0.0
-0.2957639164787909,0.0
-0.35644241502608054,0.0
-0.3564232100081818,0.0
-0.3021996359471354,0.0
-0.37212980107746263,0.0
-0.25720592658835273,0.0
-0.36752350779975257,0.0
-0.35664379151283576,0.0
-0.2490862300020415,0.0
-0.37972409272612784,0.0
-0.27581374228297756,0.0
-0.3209254154552659,0.0
-0.2560667120621031,0.0
-0.20099912436937123,0.0
-0.2526057091779767,0.0
-0.12122870346315795,0.0
-0.16438119141011837,0.0
-0.18338567079215604,0.0
-0.23730411554199457,0.0
-0.16868580710099348,0.0
-0.18482666434229414,0.0
-0.2100034462134266,0.0
-0.049268157702588355,0.0
-0.10091710140515661,0.0
-0.08452744801761396,0.0
-0.16708798375511472,0.0
-0.11051593780096645,0.0
-0.09629961794854293,0.0
-0.08316580466064948,0.0
-0.07179821545223859,0.0
-0.09847916213095789,0.0
-0.04426430070196228,0.0
-0.13875040458771973,0.0
0.08490791190180351,0.0
-0.09010295436004512,0.0
-0.041284317879883244,0.0
-0.03237691377555144,0.0
-0.07060025513568448,0.0
-0.010811933219750361,0.0
0.005046152358991241,0.0
0.011168747414454889,0.0
-0.06220776093325398,0.0
-0.00035983069899783726,0.0
0.09692565711849327,0.0
0.02532094872697662,0.0
0.08557638578963435,0.0
0.0959021626117349,0.0
0.15856788709022274,0.0
0.10341813236891034,0.0
0.057207169049691725,0.0
0.09114310473454086,0.0
0.21417846403876792,0.0
0.11014555849603992,0.0
0.22438523248667688,0.0
0.10710782983560799,0.0
0.15256903057273702,0.0
0.14629770766777103,0.0
0.09480696622242485,0.0
0.2035610118675214,0.0
0.19767508934228925,0.0
0.20910195250586947,0.0
0.1544308987904824,0.0
0.1497045845274994,0.0
0.2996419770652651,0.0
0.25998119307325035,0.0
0.2523603753764583,0.0
0.2563618737701481,0.0
0.3802130149511743,0.0
0.33509277148177236,0.0
0.2802993322289036,0.0
0.34151024974627103,0.0
0.36246708978108616,0.0
0.36517277363132067,0.0
0.3124105420452781,0.0
0.2994968643807127,0.0
0.3453012103312399,0.0
0.34697927233322523,0.0
0.4495036111609258,0.0
0.38001597690031486,0.0
0.3719512639036371,0.0
0.39410510485521494,0.0
0.41923578516345306,0.0
0.41082548320972245,0.0
0.42386416229562307,0.0
0.3971252689769235,0.0
0.4412220818608175,0.0
0.4829695871189135,0.0
0.4218781224067269,0.0
0.5749923554133016,0.0
0.4593107601860795,0.0
0.505024461989996,0.0
0.4796232139314619,0.0
0.4638274542381917,0.0
0.5922355158321602,0.0
0.47174973434279993,0.0
0.5040075269896076,0.0
0.5695667551530247,0.0
0.5686806539093443,0.0
0.513827570435656,0.0
0.567715769230176,0.0
0.5634039024557277,0.0
0.5606088385701699,0.0
0.5992858842973705,0.0
0.5798833260032389,0.0
0.64025048661753,0.0
0.6219998446257238,0.0
0.5733486848130921,0.0
0.6101251723905982,0.0
0.6826320985338716,0.0
0.6196229261554557,0.0
0.6678487776309951,0.0
0.620560709103368,0.0
0.6181184095045715,0.0
0.6663699082965114,0.0
0.6025695108527137,0.0
0.6724389576358226,0.0
0.6887639581627898,0.0
0.7308141138520896,0.0
0.6273628846578821,0.0
0.6922006201677068,0.0
0.7944624988813684,0.0
0.7226151157892183,0.0
0.7749030395077315,0.0
0.6874309972708297,0.0
0.7722845569014137,0.0
0.8136713741950005,0.0
0.7593201343702678,0.0
0.7814286498980587,0.0
0.7254551233599762,0.0
0.7759193155092448,0.0
0.895567936533864,0.0
0.7935854340833138,0.0
0.823574066373051,0.0
0.7324309386561431,0.0
0.8342025609808794,0.0
0.7996047928018166,0.0
0.7880009353400934,0.0
0.8240915153990778,0.0
0.8593198591271332,0.0
0.861672900096789,0.0
0.7428210067304264,0.0
0.9450908364222784,0.0
0.8698518354587332,0.0
0.773829882513886,0.0
0.7951893952202371,0.0
0.8779440287853303,0.0
0.9382598731658893,0.0
0.8702277487028068,0.0
0.8391290945728176,0.0
0.929166562821891,0.0
0.9059072963591732,0.0
0.8368568503845165,0.0
0.9079852450676917,0.0
0.903628185252864,0.0
0.8671302958316393,0.0
0.9965892811855621,0.0
0.8840709408393498,0.0
0.8550592956268896,0.0
0.8649537945253588,0.0
0.9098714620759355,0.0
0.9484505826751597,0.0
0.9525385084087624,0.0
0.9675054911034187,0.0
1.010036605593783,0.0
0.944306091489893,0.0
0.9618642253340113,0.0
0.9438006799551327,0.0
0.9024828218759173,0.0
0.9872752753550691,0.0
0.9094293166575976,0.0
0.8832513268546415,0.0
0.9044645664746374,0.0
1.029002928579811,0.0
0.9684975058852534,0.0
0.8873045034528441,0.0
0.9402507134908199,0.0
1.034355353043649,0.0
0.9185936701644786,0.0
1.0012633563784297,0.0
0.990113668592814,0.0
1.013612038655901,0.0
1.0393745927474294,0.0
1.004674527386533,0.0
0.9449278763426243,0.0
0.9615148781479304,0.0
0.9815638408472571,0.0
1.0182211865563036,0.0
0.9891848562286942,0.0
0.9591789758431337,0.0
0.9365181304206034,0.0
0.944037758676584,0.0
0.9741015408542489,0.0
0.9846166605360231,0.0
1.0403163484890587,0.0
0.9342449918588127,0.0
1.021509963186672,0.0
1.095725424404775,0.0
0.9720270012853054,0.0
1.0604067328652145,0.0
0.9592994988026943,0.0
1.0437309883537502,0.0
0.9470895313127341,0.0
0.9377246153932637,0.0
1.0752245258982138,0.0
1.052178249770644,0.0
1.0343840635497437,0.0
0.9289523076694198,0.0
0.8825058978857768,0.0
1.0438096021577299,0.0
0.9768175254231806,0.0
0.9569276276323984,0.0
0.9275401500429651,0.0
1.027841930658779,0.0
0.9689323856197781,0.0
0.9701926842891536,0.0
1.058492807144827,0.0
0.9870620296609762,0.0
1.0983311641387352,0.0
0.9816846278174911,0.0
0.9797770661478825,0.0
1.0107951512212674,0.0
0.9820181056930293,0.0
0.9219494687806122,0.0
1.0551477839754204,0.0
0.9869756680857062,0.0
1.0034178238249958,0.0
0.8923443998482823,0.0
1.018323232027249,0.0
0.9916032010524441,0.0
0.9044717235576232,0.0
1.038959250856445,0.0
0.9076986233951332,0.0
1.0025171864689781,0.0
0.8931745270303031,0.0
0.789106331712964,0.0
0.8588102432359116,0.0
0.8179142888258628,0.0
0.9796597640719489,0.0
0.9224162775432523,0.0
0.9340304685195743,0.0
0.8940450740210591,0.0
0.8922489405369323,0.0
0.8999809793440376,0.0
1.0158769380622503,0.0
0.9155985038430018,0.0
0.9050157234448568,0.0
0.9386181540964251,0.0
0.8467387665141303,0.0
0.8877706041328515,0.0
0.8687002066922629,0.0
0.8330218377656122,0.0
0.8447295649908151,0.0
0.9147114086727557,0.0
0.855796786873237,0.0
0.8666930719371997,0.0
0.9188269965004753,0.0
0.8983350551027506,0.0
0.8072822298496495,0.0
0.8527198372616208,0.0
0.7960077982293482,0.0
0.8854168415705895,0.0
0.7844245031814752,0.0
0.8245018880209821,0.0
0.8436202543660186,0.0
0.7835549898907761,0.0
0.826519715017982,0.0
0.7873233405945321,0.0
0.8382662832496807,0.0
0.7853794047583507,0.0
0.7514441906607102,0.0
0.8856135731382283,0.0
0.7139952980742511,0.0
0.7528590779545161,0.0
0.7509961570765219,0.0
0.7496738692414405,0.0
0.8189232179463953,0.0
0.7960527756285032,0.0
0.6956587026359325,0.0
0.7525838620025979,0.0
0.7815682619936752,0.0
0.7242853223993336,0.0
0.7209914145873256,0.0
0.7381604275816049,0.0
0.8192885041202804,0.0
0.6696152387821194,0.0
0.8029113812588866,0.0
0.6919564997656662,0.0
0.6541457820806604,0.0
0.7389498451319424,0.0
0.6437183734208927,0.0
0.5854495432554574,0.0
0.6510746220976908,0.0
0.6391650607465985,0.0
0.6726100943209813,0.0
0.5886960735942574,0.0
0.5563948328217871,0.0
0.61799991965923,0.0
0.5617122516702571,0.0
0.5474050859402335,0.0
0.5825630205138114,0.0
0.6716482444856626,0.0
0.6196641320396694,0.0
0.4342274057107105,0.0
0.6174352681482096,0.0
0.5063980103100497,0.0
0.5284705453273665,0.0
0.5764204613801014,0.0
0.48492455601474355,0.0
0.5467726462918099,0.0
0.5709682168810167,0.0
0.43803987287314294,0.0
0.5277957922405149,0.0
0.42598464817494547,0.0
0.360730532322464,0.0
0.40706835273139513,0.0
0.46030046441312217,0.0
0.3991296402660716,0.0
0.38476043699571705,0.0
0.3585070728583944,0.0
0.41254294855548,0.0
0.4437406918050115,0.0
0.3475228884272127,0.0
0.4591926339456672,0.0
0.3536605471819965,0.0
0.3369792298938749,0.0
0.3472660347362121,0.0
0.3274207559505305,0.0
0.3056133236641234,0.0
0.29849435434724186,0.0
0.30896032414229696,0.0
0.3382471891147789,0.0
0.310669735567074,0.0
0.2713698311490477,0.0
0.2362698607823602,0.0
0.25595166993697405,0.0
0.21512484974701335,0.0
0.19817847805142325,0.0
0.2957226220573352,0.0
0.2793991151145148,0.0
0.263519865913639,0.0
0.18058180420858735,0.0
0.24194338055999295,0.0
0.22586021335587492,0.0
0.12040245672641235,0.0
0.1836344702745982,0.0
0.182122234630314,0.0
0.16738534606367292,0.0
0.1449830316650185,0.0
0.16252275698245267,0.0
0.1318037915309681,0.0
0.05204510468807744,0.0
0.11256419858925183,0.0
0.07272797107128083,0.0
0.04574250862171075,0.0
0.1267967330894526,0.0
0.10467518356892468,0.0
0.014713073161821216,0.0
0.021714402636982738,0.0
0.06490930728484096,0.0
0.034735271737442536,0.0
0.049991142574281826,0.0
0.03516769839293846,0.0
0.04925346460835875,0.0
-0.0005475516522659299,0.0
-0.060964730314591875,0.0
-0.07224101426618486,0.0
0.0016808518681845283,0.0
-0.05749202707844771,0.0
-0.02725782344404334,0.0
-0.053359911965607194,0.0
-0.1534699905360314,0.0
-0.18197281417086508,0.0
-0.09525704205196514,0.0
-0.10217707304072977,0.0
-0.06796886464019872,0.0
-0.10083284231882553,0.0
-0.1794497324084763,0.0
-0.12037395050085987,0.0
-0.06350930532377849,0.0
-0.2555889763725613,0.0
-0.2295095055285562,0.0
-0.1305884544074059,0.0
-0.20219742990004802,0.0
-0.21742847204386484,0.0
-0.1616067437250249,0.0
-0.28146190021859696,0.0
-0.24067778004053175,0.0
-0.2552848241174521,0.0
-0.25826712580773975,0.0
-0.2259713439975379,0.0
-0.1646032504682966,0.0
-0.26664281297574,0.0
-0.2742820732788513,0.0
-0.35253586261800696,0.0
-0.308575448074515,0.0
-0.36232188434575796,0.0
-0.32819361718085044,0.0
-0.3624373828973256,0.0
-0.35157492386350087,0.0
-0.26062919962148606,0.0
-0.4378245394852539,0.0
-0.3281200579720789,0.0
-0.4084121284495526,0.0
-0.42765981028404104,0.0
-0.3385739525413057,0.0
-0.3973484200035712,0.0
-0.44808053723864527,0.0
-0.5269464177598775,0.0
-0.48640672126218293,0.0
-0.4779038526152613,0.0
-0.4130966762048661,0.0
-0.4625195714255447,0.0
-0.43243761537673014,0.0
-0.5126510982206648,0.0
-0.4191708330491003,0.0
-0.44525959397803627,0.0
-0.556369588707721,0.0
-0.5025296340260443,0.0
-0.4493813412028592,0.0
-0.46134969067876497,0.0
-0.5378695678322506,0.0
-0.6229085871845743,0.0
-0.6364458082557415,0.0
-0.5023035097935632,0.0
-0.5520529124652445,0.0
-0.5097038501634691,0.0
-0.6094422402203669,0.0
-0.6024428930506172,0.0
-0.7004003818554463,0.0
-0.5642836235730506,0.0
-0.6751495588994016,0.0
-0.6120970170395762,0.0
-0.6290449323038063,0.0
-0.6837639238355191,0.0
-0.684293901830113,0.0
-0.6626217810114612,0.0
-0.600453133771208,0.0
-0.6939782760867689,0.0
-0.6783907807377988,0.0
-0.7350989284804466,0.0
-0.64676627543143,0.0
-0.6539191492698281,0.0
-0.6784999790784056,0.0
-0.6801518541259657,0.0
-0.7250671282779136,0.0
-0.7203602531027371,0.0
-0.6714625939347367,0.0
-0.7984132397912111,0.0
-0.7582848073047443,0.0
-0.6543274293510104,0.0
-0.7571820711870116,0.0
-0.6952701525863153,0.0
-0.7535809536163512,0.0
-0.790066719366203,0.0
-0.7940135946708698,0.0
-0.7867016697778291,0.0
-0.7746419387458268,0.0
-0.8624650571515906,0.0
-0.7678653285554233,0.0
-0.9165043659151781,0.0
-0.7110955211807398,0.0
-0.7443683084880647,0.0
-0.8470368453493211,0.0
-0.8935424401878367,0.0
-0.8567807655076285,0.0
-0.8233094212595389,0.0
-0.7815366469652655,0.0
-0.8346607298287079,0.0
-0.8405764505440378,0.0
-0.932840259506974,0.0
-0.8156950936048757,0.0
-0.9184957772199714,0.0
-0.9965930542359357,0.0
-0.9913438487232681,0.0
-0.9487415864255062,0.0
-0.8198519907918795,0.0
-0.8585152826676993,0.0
-0.8450911859634115,0.0
-0.8332948774892868,0.0
-0.9447783495177662,0.0
-1.076450259635941,0.0
-0.8697623566342613,0.0
-0.9558553518009476,0.0
-0.9540716502921728,0.0
-0.806306007824566,0.0
-0.9848507052037289,0.0
-0.989354900783539,0.0
-0.9134444008250551,0.0
-0.9594787532234131,0.0
-0.8825593491210546,0.0
-0.9172151338789021,0.0
-0.9338765270843877,0.0
-0.9690764692752564,0.0
-0.9772012749522485,0.0
-0.8734640269985078,0.0
-0.9917993338954272,0.0
-0.9320653701910664,0.0
-1.01854748830036,0.0
-1.0596405681842171,0.0
-0.9792684403330005,0.0
-0.9907108536888602,0.0
-1.0218734963312979,0.0
-0.9344162478887098,0.0
-0.995489100884769,0.0
-1.0255677176556586,0.0
-1.1066812649306694,0.0
-1.0020368777861353,0.0
-1.0432972465827288,0.0
-0.8948997632230147,0.0
-1.0008311932289418,0.0
-1.0314338564620495,0.0
-1.0380374349048511,0.0
-1.0129412827410837,0.0
-0.9957281445378272,0.0
-1.0618064005099268,0.0
-1.0231489239255855,0.0
-0.9702582815502812,0.0
-1.0550941011460504,0.0
-1.029753765865964,0.0
-0.8822356469994243,0.0
-1.0297938568691956,0.0
-1.0656363169882397,0.0
-1.002898674850143,0.0
-1.0295963849877376,0.0
-1.0736900313230748,0.0
-0.9701930683387683,0.0
-0.9170154417905675,0.0
-0.979153618689951,0.0
-0.9798158170802557,0.0
-0.9558541916273292,0.0
-1.030031568911644,0.0
-1.0176398853026556,0.0
-0.9404134953750244,0.0
-0.9541636316001912,0.0
-0.9746528430000972,0.0
-1.097017023291487,0.0
-0.9521421356619613,0.0
-1.0299900135822697,0.0
-0.9508060016217921,0.0
-1.0091226092690948,0.0
-1.0309371504360791,0.0
-1.1008983763454812,0.0
-1.0104882673124649,0.0
-0.9221543145695764,0.0
-0.9537998347964927,0.0
-0.9543488886123047,0.0
-1.0493730891591233,0.0
-1.0307376322538107,0.0
-1.0044215918052803,0.0
-0.9423136999058142,0.0
-1.06007888192364,0.0
-0.9229289938490668,0.0
-1.0456514610494916,0.0
-0.9145718306428654,0.0
-0.8851625590394948,0.0
-0.9338626035476789,0.0
-0.9466062382518503,0.0
-0.9732887177498084,0.0
-0.9526055523401257,0.0
-0.8308212376901957,0.0
-1.010020867397672,0.0
-0.9011195660624776,0.0
-0.9194353841976046,0.0
-0.9500806194499761,0.0
-0.9211527326759247,0.0
-0.9188918875105597,0.0
-0.9457646876388771,0.0
-0.9083965745753687,0.0
-0.84241096480021,0.0
-0.9499013185796871,0.0
-0.8822070869950005,0.0
-0.9412729169609227,0.0
-0.8883354283020427,0.0
-0.8626143134754872,0.0
-0.8950143211645037,0.0
-0.8296451270472275,0.0
-0.8596112468255371,0.0
-0.91923456297498,0.0
-0.8027995247062484,0.0
-0.8813065411991349,0.0
-0.7831862121742813,0.0
-0.8776828374082759,0.0
-0.867444869070411,0.0
-0.8740336460016859,0.0
-0.8913540523298121,0.0
-0.790036250157733,0.0
-0.8419818395546097,0.0
-0.8919271576049977,0.0
-0.8243014733337561,0.0
-0.841039728827853,0.0
-0.8459215299974139,0.0
-0.8591750894659469,0.0
-0.7665230954258042,0.0
-0.8704002595073003,0.0
-0.8481386052710634,0.0
-0.7996594178124045,0.0
-0.768749083878209,0.0
-0.7131096831603354,0.0
-0.719950999459336,0.0
0.0451069974167498,1.0
0.024748983839939592,1.0
0.11269142512139138,1.0
0.2645835629805671,1.0
0.33150203324300376,1.0
0.3623769305287167,1.0
0.4639541901857915,1.0
0.5070888787426732,1.0
0.61038977651035,1.0
0.6362421059844056,1.0
0.622201348510464,1.0
0.849471916466652,1.0
0.7839345233194001,1.0
0.8405074288406487,1.0
0.9063373961187561,1.0
0.9048195224731044,1.0
0.8772532419148016,1.0
0.9979714337556648,1.0
1.0112288729928656,1.0
1.0287984085353443,1.0
0.9576607853939773,1.0
0.9977465282270468,1.0
1.0371221559341937,1.0
1.0549932771804125,1.0
0.9363603224739457,1.0
-0.6722364437026259,0.0
-0.427476907566819,0.0
-0.5927073861999854,0.0
-0.5451101921889202,0.0
-0.5777268522822651,0.0
-0.5329405757080025,0.0
-0.549223377222186,0.0
-0.4506707823594785,0.0
-0.5338756027315127,0.0
-0.46225309500778505,0.0
-0.5150028009897408,0.0
-0.4832817208334205,0.0
-0.5121940521944821,0.0
-0.4410572857070077,0.0
-0.46825035982230095,0.0
-0.4719445236829735,0.0
-0.3703138213480932,0.0
-0.47581546493649357,0.0
-0.4858419836438186,0.0
-0.37685810110403156,0.0
-0.3854321569326965,0.0
-0.393219695696972,0.0
-0.36918394206281735,0.0
-0.38145457844985026,0.0
-0.4561689150136493,0.0
-0.3505120550571935,0.0
-0.4135046995893202,0.0
-0.45670592431711277,0.0
-0.36433415506109695,0.0
-0.358721212722465,0.0
-0.30532315792372455,0.0
-0.36422876631415024,0.0
-0.25975201325993874,0.0
-0.27327040663164937,0.0
-0.2704182947571344,0.0
-0.21921779081204318,0.0
-0.33012848308748305,0.0
-0.24475564469695182,0.0
-0.3154864224232931,0.0
-0.2558284937142593,0.0
-0.13263386025197288,0.0
-0.1919383373422572,0.0
-0.1512693184570337,0.0
-0.17241932167482932,0.0
-0.24095953691415722,0.0
-0.17373811516957285,0.0
-0.26254716376686577,0.0
-0.15288491843944768,0.0
-0.15054303779207998,0.0
-0.16288010099951433,0.0
-0.12761528166330105,0.0
-0.09596578367584409,0.0
-0.004072719059147162,0.0
-0.1625114756386527,0.0
-0.06313341576392714,0.0
-0.09536926484221807,0.0
0.01715447465404761,0.0
-0.021911877298328976,0.0
-0.013164231214565149,0.0
-0.06736253138384932,0.0
-0.017687897635294665,0.0
-0.0556181952661292,0.0
-0.01134220654870052,0.0
0.11189556519833754,0.0
0.08527432874524207,0.0
-0.006600381172144957,0.0
-0.04086126191480268,0.0
-0.024210834935726684,0.0
0.08628306547196056,0.0
0.07628671928418317,0.0
0.08396636432611909,0.0
-0.038726308397471015,0.0
0.08764829550621706,0.0
0.03477455665414017,0.0
0.15267877741691072,0.0
0.12446471775858133,0.0
0.12032149062382384,0.0
0.08799869949221045,0.0
0.09484514616913783,0.0
0.21134535124020232,0.0
